time,load_shortfall_3h
2018-01-01 00:00:00,13250.529
2018-01-01 03:00:00,10141.446
2018-01-01 06:00:00,7846.224
2018-01-01 09:00:00,11046.382
2018-01-01 12:00:00,16563.389
2018-01-01 15:00:00,14525.609
2018-01-01 18:00:00,13542.159
2018-01-01 21:00:00,13105.1875
2018-01-02 00:00:00,13012.155
2018-01-02 03:00:00,8947.718
2018-01-02 06:00:00,6690.648
2018-01-02 09:00:00,10531.442
2018-01-02 12:00:00,12756.882
2018-01-02 15:00:00,14786.242
2018-01-02 18:00:00,13397.582
2018-01-02 21:00:00,15201.211
2018-01-03 00:00:00,14647.311
2018-01-03 03:00:00,10642.571
2018-01-03 06:00:00,8709.39
2018-01-03 09:00:00,12589.224
2018-01-03 12:00:00,13750.596
2018-01-03 15:00:00,13685.006
2018-01-03 18:00:00,13722.244
2018-01-03 21:00:00,15236.944
2018-01-04 00:00:00,13854.394
2018-01-04 03:00:00,9665.353
2018-01-04 06:00:00,8448.946
2018-01-04 09:00:00,10943.779
2018-01-04 12:00:00,16452.488
2018-01-04 15:00:00,15060.076
2018-01-04 18:00:00,13535.771
2018-01-04 21:00:00,13635.058
2018-01-05 00:00:00,14181.242
2018-01-05 03:00:00,8825.875
2018-01-05 06:00:00,7177.6055
2018-01-05 09:00:00,10231.461
2018-01-05 12:00:00,11710.265
2018-01-05 15:00:00,11314.012
2018-01-05 18:00:00,11936.055
2018-01-05 21:00:00,13683.083
2018-01-06 00:00:00,12678.573
2018-01-06 03:00:00,7688.023
2018-01-06 06:00:00,6778.5503
2018-01-06 09:00:00,9358.01
2018-01-06 12:00:00,12232.03
2018-01-06 15:00:00,9965.414
2018-01-06 18:00:00,10119.097
2018-01-06 21:00:00,9929.089
2018-01-07 00:00:00,12449.435
2018-01-07 03:00:00,8729.137
2018-01-07 06:00:00,5820.8384
2018-01-07 09:00:00,7511.7666
2018-01-07 12:00:00,11595.381
2018-01-07 15:00:00,11435.441
2018-01-07 18:00:00,14232.237
2018-01-07 21:00:00,14720.142
2018-01-08 00:00:00,12646.869
2018-01-08 03:00:00,8627.366
2018-01-08 06:00:00,7042.335
2018-01-08 09:00:00,11709.028
2018-01-08 12:00:00,15565.177
2018-01-08 15:00:00,15527.438
2018-01-08 18:00:00,14583.022
2018-01-08 21:00:00,15533.863
2018-01-09 00:00:00,14046.172
2018-01-09 03:00:00,9094.232
2018-01-09 06:00:00,7121.7446
2018-01-09 09:00:00,12767.53
2018-01-09 12:00:00,15691.862
2018-01-09 15:00:00,14030.401
2018-01-09 18:00:00,13209.244
2018-01-09 21:00:00,14389.682
2018-01-10 00:00:00,12919.173
2018-01-10 03:00:00,8034.6826
2018-01-10 06:00:00,6944.7837
2018-01-10 09:00:00,10192.993
2018-01-10 12:00:00,14235.699
2018-01-10 15:00:00,11453.005
2018-01-10 18:00:00,12103.273
2018-01-10 21:00:00,11542.752
2018-01-11 00:00:00,11586.378
2018-01-11 03:00:00,7692.4897
2018-01-11 06:00:00,6945.632
2018-01-11 09:00:00,12689.567
2018-01-11 12:00:00,12887.602
2018-01-11 15:00:00,11587.745
2018-01-11 18:00:00,8616.613
2018-01-11 21:00:00,15191.82
2018-01-12 00:00:00,11909.192
2018-01-12 03:00:00,8394.368
2018-01-12 06:00:00,6122.086
2018-01-12 09:00:00,11054.475
2018-01-12 12:00:00,13442.871
2018-01-12 15:00:00,13791.741
2018-01-12 18:00:00,13715.075
2018-01-12 21:00:00,14649.458
2018-01-13 00:00:00,14351.937
2018-01-13 03:00:00,9394.465
2018-01-13 06:00:00,6445.628
2018-01-13 09:00:00,11138.637
2018-01-13 12:00:00,13785.639
2018-01-13 15:00:00,13450.211
2018-01-13 18:00:00,13518.453
2018-01-13 21:00:00,11566.46
2018-01-14 00:00:00,12178.782
2018-01-14 03:00:00,7207.751
2018-01-14 06:00:00,7188.986
2018-01-14 09:00:00,8849.973
2018-01-14 12:00:00,10059.506
2018-01-14 15:00:00,10869.57
2018-01-14 18:00:00,10078.799
2018-01-14 21:00:00,12497.941
2018-01-15 00:00:00,12392.668
2018-01-15 03:00:00,7669.7007
2018-01-15 06:00:00,6363.129
2018-01-15 09:00:00,12597.781
2018-01-15 12:00:00,15390.962
2018-01-15 15:00:00,12762.039
2018-01-15 18:00:00,14196.95
2018-01-15 21:00:00,16054.587
2018-01-16 00:00:00,14281.225
2018-01-16 03:00:00,10358.703
2018-01-16 06:00:00,7957.5034
2018-01-16 09:00:00,12429.917
2018-01-16 12:00:00,14697.245
2018-01-16 15:00:00,14160.703
2018-01-16 18:00:00,13411.91
2018-01-16 21:00:00,14686.591
2018-01-17 00:00:00,12941.07
2018-01-17 03:00:00,6458.3823
2018-01-17 06:00:00,5631.4766
2018-01-17 09:00:00,10873.156
2018-01-17 12:00:00,13362.059
2018-01-17 15:00:00,11784.349
2018-01-17 18:00:00,12332.253
2018-01-17 21:00:00,14148.334
2018-01-18 00:00:00,13441.228
2018-01-18 03:00:00,8685.794
2018-01-18 06:00:00,7008.1836
2018-01-18 09:00:00,11503.202
2018-01-18 12:00:00,14957.467
2018-01-18 15:00:00,13741.322
2018-01-18 18:00:00,13064.718
2018-01-18 21:00:00,15003.231
2018-01-19 00:00:00,14518.565
2018-01-19 03:00:00,8303.7705
2018-01-19 06:00:00,7505.511
2018-01-19 09:00:00,12689.022
2018-01-19 12:00:00,14376.367
2018-01-19 15:00:00,13721.497
2018-01-19 18:00:00,12608.4
2018-01-19 21:00:00,14278.633
2018-01-20 00:00:00,13389.817
2018-01-20 03:00:00,7521.8364
2018-01-20 06:00:00,6520.787
2018-01-20 09:00:00,9345.993
2018-01-20 12:00:00,12395.79
2018-01-20 15:00:00,11391.114
2018-01-20 18:00:00,10642.815
2018-01-20 21:00:00,10753.487
2018-01-21 00:00:00,10605.29
2018-01-21 03:00:00,6798.6553
2018-01-21 06:00:00,5070.8765
2018-01-21 09:00:00,6283.7686
2018-01-21 12:00:00,9665.189
2018-01-21 15:00:00,9819.838
2018-01-21 18:00:00,10027.299
2018-01-21 21:00:00,10081.821
2018-01-22 00:00:00,12619.661
2018-01-22 03:00:00,9204.12
2018-01-22 06:00:00,8171.899
2018-01-22 09:00:00,12570.653
2018-01-22 12:00:00,14287.832
2018-01-22 15:00:00,13706.578
2018-01-22 18:00:00,13942.529
2018-01-22 21:00:00,14968.896
2018-01-23 00:00:00,14142.76
2018-01-23 03:00:00,8299.408
2018-01-23 06:00:00,7592.5483
2018-01-23 09:00:00,12178.846
2018-01-23 12:00:00,14670.229
2018-01-23 15:00:00,13439.738
2018-01-23 18:00:00,13712.04
2018-01-23 21:00:00,15320.893
2018-01-24 00:00:00,13933.022
2018-01-24 03:00:00,10416.091
2018-01-24 06:00:00,9094.596
2018-01-24 09:00:00,12845.007
2018-01-24 12:00:00,15889.459
2018-01-24 15:00:00,13553.863
2018-01-24 18:00:00,13775.669
2018-01-24 21:00:00,15253.076
2018-01-25 00:00:00,13632.101
2018-01-25 03:00:00,9565.212
2018-01-25 06:00:00,8084.9307
2018-01-25 09:00:00,12231.936
2018-01-25 12:00:00,15269.94
2018-01-25 15:00:00,14792.489
2018-01-25 18:00:00,11884.729
2018-01-25 21:00:00,12180.01
2018-01-26 00:00:00,12990.143
2018-01-26 03:00:00,7786.8394
2018-01-26 06:00:00,6874.465
2018-01-26 09:00:00,11536.29
2018-01-26 12:00:00,12355.676
2018-01-26 15:00:00,11468.916
2018-01-26 18:00:00,9717.785
2018-01-26 21:00:00,14100.986
2018-01-27 00:00:00,11905.983
2018-01-27 03:00:00,8767.925
2018-01-27 06:00:00,7911.3843
2018-01-27 09:00:00,9769.644
2018-01-27 12:00:00,12662.143
2018-01-27 15:00:00,12071.33
2018-01-27 18:00:00,11141.868
2018-01-27 21:00:00,12897.656
2018-01-28 00:00:00,12549.355
2018-01-28 03:00:00,9061.116
2018-01-28 06:00:00,7468.423
2018-01-28 09:00:00,11006.014
2018-01-28 12:00:00,11190.909
2018-01-28 15:00:00,11231.594
2018-01-28 18:00:00,14564.356
2018-01-28 21:00:00,14316.537
2018-01-29 00:00:00,12729.766
2018-01-29 03:00:00,8886.993
2018-01-29 06:00:00,8113.6387
2018-01-29 09:00:00,10386.995
2018-01-29 12:00:00,12231.73
2018-01-29 15:00:00,14070.721
2018-01-29 18:00:00,12728.309
2018-01-29 21:00:00,12935.893
2018-01-30 00:00:00,14565.884
2018-01-30 03:00:00,10366.314
2018-01-30 06:00:00,8851.026
2018-01-30 09:00:00,12194.894
2018-01-30 12:00:00,14321.676
2018-01-30 15:00:00,14780.419
2018-01-30 18:00:00,14596.808
2018-01-30 21:00:00,14426.087
2018-01-31 00:00:00,14307.869
2018-01-31 03:00:00,8857.264
2018-01-31 06:00:00,8127.2637
2018-01-31 09:00:00,12313.018
2018-01-31 12:00:00,15036.501
2018-01-31 15:00:00,14237.932
2018-01-31 18:00:00,13858.331
2018-01-31 21:00:00,14534.195
2018-02-01 00:00:00,14661.632
2018-02-01 03:00:00,9854.847
2018-02-01 06:00:00,6800.7627
2018-02-01 09:00:00,11413.624
2018-02-01 12:00:00,13226.823
2018-02-01 15:00:00,9626.601
2018-02-01 18:00:00,8027.6387
2018-02-01 21:00:00,14174.082
2018-02-02 00:00:00,12024.595
2018-02-02 03:00:00,7471.4033
2018-02-02 06:00:00,6664.5977
2018-02-02 09:00:00,11709.468
2018-02-02 12:00:00,12475.418
2018-02-02 15:00:00,11296.8
2018-02-02 18:00:00,11146.684
2018-02-02 21:00:00,12626.998
2018-02-03 00:00:00,10915.24
2018-02-03 03:00:00,7302.298
2018-02-03 06:00:00,6788.292
2018-02-03 09:00:00,8906.567
2018-02-03 12:00:00,9390.007
2018-02-03 15:00:00,7311.5137
2018-02-03 18:00:00,8394.566
2018-02-03 21:00:00,6976.7275
2018-02-04 00:00:00,7757.3945
2018-02-04 03:00:00,6968.511
2018-02-04 06:00:00,5284.937
2018-02-04 09:00:00,7237.98
2018-02-04 12:00:00,12799.649
2018-02-04 15:00:00,11305.913
2018-02-04 18:00:00,9697.843
2018-02-04 21:00:00,10727.236
2018-02-05 00:00:00,12228.631
2018-02-05 03:00:00,8434.684
2018-02-05 06:00:00,7654.925
2018-02-05 09:00:00,11777.783
2018-02-05 12:00:00,14992.554
2018-02-05 15:00:00,14321.125
2018-02-05 18:00:00,14424.528
2018-02-05 21:00:00,15569.573
2018-02-06 00:00:00,13704.595
2018-02-06 03:00:00,8689.604
2018-02-06 06:00:00,6986.225
2018-02-06 09:00:00,10781.13
2018-02-06 12:00:00,16008.437
2018-02-06 15:00:00,12813.574
2018-02-06 18:00:00,12139.807
2018-02-06 21:00:00,12725.224
2018-02-07 00:00:00,12413.781
2018-02-07 03:00:00,8247.947
2018-02-07 06:00:00,7268.727
2018-02-07 09:00:00,10902.091
2018-02-07 12:00:00,12748.96
2018-02-07 15:00:00,11979.894
2018-02-07 18:00:00,11421.608
2018-02-07 21:00:00,12926.623
2018-02-08 00:00:00,13539.229
2018-02-08 03:00:00,8654.744
2018-02-08 06:00:00,7887.989
2018-02-08 09:00:00,12254.547
2018-02-08 12:00:00,13627.303
2018-02-08 15:00:00,13582.626
2018-02-08 18:00:00,12196.622
2018-02-08 21:00:00,14606.387
2018-02-09 00:00:00,13563.405
2018-02-09 03:00:00,8914.156
2018-02-09 06:00:00,8634.105
2018-02-09 09:00:00,12198.833
2018-02-09 12:00:00,14978.954
2018-02-09 15:00:00,14744.489
2018-02-09 18:00:00,12728.887
2018-02-09 21:00:00,14376.065
2018-02-10 00:00:00,13013.8955
2018-02-10 03:00:00,8809.448
2018-02-10 06:00:00,7014.034
2018-02-10 09:00:00,8154.781
2018-02-10 12:00:00,11842.869
2018-02-10 15:00:00,11282.984
2018-02-10 18:00:00,10087.088
2018-02-10 21:00:00,11846.851
2018-02-11 00:00:00,13225.534
2018-02-11 03:00:00,9834.785
2018-02-11 06:00:00,8087.038
2018-02-11 09:00:00,7497.919
2018-02-11 12:00:00,8872.506
2018-02-11 15:00:00,7420.742
2018-02-11 18:00:00,6167.5684
2018-02-11 21:00:00,9212.509
2018-02-12 00:00:00,11554.228
2018-02-12 03:00:00,6385.9634
2018-02-12 06:00:00,6481.478
2018-02-12 09:00:00,11142.084
2018-02-12 12:00:00,14266.749
2018-02-12 15:00:00,11686.6
2018-02-12 18:00:00,10379.252
2018-02-12 21:00:00,14060.435
2018-02-13 00:00:00,14240.19
2018-02-13 03:00:00,8779.45
2018-02-13 06:00:00,7700.6494
2018-02-13 09:00:00,12293.757
2018-02-13 12:00:00,12073.751
2018-02-13 15:00:00,10198.885
2018-02-13 18:00:00,8894.387
2018-02-13 21:00:00,9107.684
2018-02-14 00:00:00,13054.286
2018-02-14 03:00:00,7703.246
2018-02-14 06:00:00,5772.724
2018-02-14 09:00:00,10765.269
2018-02-14 12:00:00,10568.273
2018-02-14 15:00:00,11471.89
2018-02-14 18:00:00,10245.289
2018-02-14 21:00:00,13676.976
2018-02-15 00:00:00,13161.815
2018-02-15 03:00:00,8181.6387
2018-02-15 06:00:00,5413.9287
2018-02-15 09:00:00,11026.857
2018-02-15 12:00:00,14659.332
2018-02-15 15:00:00,12498.008
2018-02-15 18:00:00,12151.642
2018-02-15 21:00:00,14624.278
2018-02-16 00:00:00,14749.606
2018-02-16 03:00:00,8449.799
2018-02-16 06:00:00,7748.2925
2018-02-16 09:00:00,12552.407
2018-02-16 12:00:00,14212.386
2018-02-16 15:00:00,13012.384
2018-02-16 18:00:00,12415.064
2018-02-16 21:00:00,14692.77
2018-02-17 00:00:00,13481.2295
2018-02-17 03:00:00,7331.006
2018-02-17 06:00:00,7439.577
2018-02-17 09:00:00,9364.681
2018-02-17 12:00:00,11464.089
2018-02-17 15:00:00,12171.347
2018-02-17 18:00:00,12516.297
2018-02-17 21:00:00,14307.642
2018-02-18 00:00:00,13002.391
2018-02-18 03:00:00,7329.6973
2018-02-18 06:00:00,8699.834
2018-02-18 09:00:00,8446.748
2018-02-18 12:00:00,12228.009
2018-02-18 15:00:00,10767.367
2018-02-18 18:00:00,8313.51
2018-02-18 21:00:00,11158.018
2018-02-19 00:00:00,11926.075
2018-02-19 03:00:00,7493.842
2018-02-19 06:00:00,7088.54
2018-02-19 09:00:00,12331.052
2018-02-19 12:00:00,11695.222
2018-02-19 15:00:00,12438.255
2018-02-19 18:00:00,12400.197
2018-02-19 21:00:00,12140.247
2018-02-20 00:00:00,12647.904
2018-02-20 03:00:00,8421.392
2018-02-20 06:00:00,4752.8193
2018-02-20 09:00:00,10341.947
2018-02-20 12:00:00,10813.313
2018-02-20 15:00:00,10045.573
2018-02-20 18:00:00,9215.345
2018-02-20 21:00:00,9422.826
2018-02-21 00:00:00,8961.528
2018-02-21 03:00:00,5718.2603
2018-02-21 06:00:00,5071.834
2018-02-21 09:00:00,9418.794
2018-02-21 12:00:00,9811.635
2018-02-21 15:00:00,9941.947
2018-02-21 18:00:00,10948.601
2018-02-21 21:00:00,13494.731
2018-02-22 00:00:00,11882.522
2018-02-22 03:00:00,7375.7437
2018-02-22 06:00:00,6578.3047
2018-02-22 09:00:00,11285.877
2018-02-22 12:00:00,10948.748
2018-02-22 15:00:00,10932.499
2018-02-22 18:00:00,8750.774
2018-02-22 21:00:00,14052.928
2018-02-23 00:00:00,9506.926
2018-02-23 03:00:00,7746.6357
2018-02-23 06:00:00,6624.959
2018-02-23 09:00:00,11407.921
2018-02-23 12:00:00,12625.941
2018-02-23 15:00:00,10982.44
2018-02-23 18:00:00,9991.006
2018-02-23 21:00:00,12353.091
2018-02-24 00:00:00,11796.114
2018-02-24 03:00:00,10003.767
2018-02-24 06:00:00,8463.282
2018-02-24 09:00:00,11043.314
2018-02-24 12:00:00,13177.273
2018-02-24 15:00:00,10846.362
2018-02-24 18:00:00,9647.831
2018-02-24 21:00:00,12157.483
2018-02-25 00:00:00,11441.566
2018-02-25 03:00:00,6973.5596
2018-02-25 06:00:00,8167.7173
2018-02-25 09:00:00,9625.656
2018-02-25 12:00:00,10911.98
2018-02-25 15:00:00,8049.9697
2018-02-25 18:00:00,9022.419
2018-02-25 21:00:00,12686.841
2018-02-26 00:00:00,10014.798
2018-02-26 03:00:00,6945.555
2018-02-26 06:00:00,5602.4487
2018-02-26 09:00:00,10699.571
2018-02-26 12:00:00,10831.706
2018-02-26 15:00:00,9440.54
2018-02-26 18:00:00,10601.984
2018-02-26 21:00:00,10648.968
2018-02-27 00:00:00,10496.851
2018-02-27 03:00:00,5661.3755
2018-02-27 06:00:00,5581.2925
2018-02-27 09:00:00,11717.389
2018-02-27 12:00:00,14014.941
2018-02-27 15:00:00,13006.861
2018-02-27 18:00:00,12394.765
2018-02-27 21:00:00,12890.018
2018-02-28 00:00:00,12128.174
2018-02-28 03:00:00,7361.415
2018-02-28 06:00:00,6985.2153
2018-02-28 09:00:00,7899.997
2018-02-28 12:00:00,10435.565
2018-02-28 15:00:00,6538.6567
2018-02-28 18:00:00,5025.1787
2018-02-28 21:00:00,11788.009
2018-03-01 00:00:00,11506.519
2018-03-01 03:00:00,4672.823
2018-03-01 06:00:00,499.74283
2018-03-01 09:00:00,5738.277
2018-03-01 12:00:00,4835.3896
2018-03-01 15:00:00,4332.7314
2018-03-01 18:00:00,5014.615
2018-03-01 21:00:00,7327.448
2018-03-02 00:00:00,7559.953
2018-03-02 03:00:00,4692.7275
2018-03-02 06:00:00,4618.5166
2018-03-02 09:00:00,8609.653
2018-03-02 12:00:00,11045.0625
2018-03-02 15:00:00,9813.352
2018-03-02 18:00:00,8966.015
2018-03-02 21:00:00,7974.417
2018-03-03 00:00:00,8799.136
2018-03-03 03:00:00,4549.383
2018-03-03 06:00:00,3051.7874
2018-03-03 09:00:00,6474.055
2018-03-03 12:00:00,7269.602
2018-03-03 15:00:00,6968.736
2018-03-03 18:00:00,11102.227
2018-03-03 21:00:00,11506.924
2018-03-04 00:00:00,8397.987
2018-03-04 03:00:00,4223.455
2018-03-04 06:00:00,2634.6277
2018-03-04 09:00:00,4277.6323
2018-03-04 12:00:00,7494.4536
2018-03-04 15:00:00,6114.4673
2018-03-04 18:00:00,5612.724
2018-03-04 21:00:00,7179.6304
2018-03-05 00:00:00,9862.52
2018-03-05 03:00:00,2917.748
2018-03-05 06:00:00,2429.2544
2018-03-05 09:00:00,7304.3916
2018-03-05 12:00:00,8857.417
2018-03-05 15:00:00,4859.9775
2018-03-05 18:00:00,7952.2617
2018-03-05 21:00:00,9497.797
2018-03-06 00:00:00,9698.122
2018-03-06 03:00:00,2890.8635
2018-03-06 06:00:00,2206.6848
2018-03-06 09:00:00,6385.3096
2018-03-06 12:00:00,6899.054
2018-03-06 15:00:00,5347.7344
2018-03-06 18:00:00,5099.408
2018-03-06 21:00:00,10883.933
2018-03-07 00:00:00,10312.866
2018-03-07 03:00:00,4859.973
2018-03-07 06:00:00,5082.4224
2018-03-07 09:00:00,9855.203
2018-03-07 12:00:00,10401.009
2018-03-07 15:00:00,11736.669
2018-03-07 18:00:00,10388.47
2018-03-07 21:00:00,12551.721
2018-03-08 00:00:00,12317.996
2018-03-08 03:00:00,8569.374
2018-03-08 06:00:00,5112.821
2018-03-08 09:00:00,11143.327
2018-03-08 12:00:00,13667.228
2018-03-08 15:00:00,13654.329
2018-03-08 18:00:00,11788.9795
2018-03-08 21:00:00,14642.28
2018-03-09 00:00:00,12731.58
2018-03-09 03:00:00,8336.669
2018-03-09 06:00:00,6163.5464
2018-03-09 09:00:00,10204.73
2018-03-09 12:00:00,11904.836
2018-03-09 15:00:00,12328.181
2018-03-09 18:00:00,11699.187
2018-03-09 21:00:00,11005.698
2018-03-10 00:00:00,11183.625
2018-03-10 03:00:00,7163.6655
2018-03-10 06:00:00,6602.8877
2018-03-10 09:00:00,9101.928
2018-03-10 12:00:00,11824.725
2018-03-10 15:00:00,11422.057
2018-03-10 18:00:00,11297.357
2018-03-10 21:00:00,10724.571
2018-03-11 00:00:00,10108.378
2018-03-11 03:00:00,6253.6655
2018-03-11 06:00:00,4657.6743
2018-03-11 09:00:00,6578.924
2018-03-11 12:00:00,8641.531
2018-03-11 15:00:00,7955.6187
2018-03-11 18:00:00,6372.8467
2018-03-11 21:00:00,10365.069
2018-03-12 00:00:00,9414.679
2018-03-12 03:00:00,5069.442
2018-03-12 06:00:00,5344.6074
2018-03-12 09:00:00,8796.1
2018-03-12 12:00:00,9771.007
2018-03-12 15:00:00,9459.063
2018-03-12 18:00:00,7738.346
2018-03-12 21:00:00,9695.971
2018-03-13 00:00:00,13320.105
2018-03-13 03:00:00,7380.771
2018-03-13 06:00:00,6434.9053
2018-03-13 09:00:00,10085.34
2018-03-13 12:00:00,11746.761
2018-03-13 15:00:00,10535.361
2018-03-13 18:00:00,10725.229
2018-03-13 21:00:00,13872.838
2018-03-14 00:00:00,13383.036
2018-03-14 03:00:00,8120.439
2018-03-14 06:00:00,7326.5127
2018-03-14 09:00:00,9322.219
2018-03-14 12:00:00,12003.241
2018-03-14 15:00:00,10166.93
2018-03-14 18:00:00,9104.9375
2018-03-14 21:00:00,11645.966
2018-03-15 00:00:00,9492.351
2018-03-15 03:00:00,4341.9844
2018-03-15 06:00:00,2826.2139
2018-03-15 09:00:00,6231.469
2018-03-15 12:00:00,5983.7344
2018-03-15 15:00:00,8188.634
2018-03-15 18:00:00,3884.85
2018-03-15 21:00:00,8229.721
2018-03-16 00:00:00,8371.943
2018-03-16 03:00:00,6734.2275
2018-03-16 06:00:00,5268.3657
2018-03-16 09:00:00,7263.188
2018-03-16 12:00:00,6514.514
2018-03-16 15:00:00,6167.1245
2018-03-16 18:00:00,2973.989
2018-03-16 21:00:00,9579.072
2018-03-17 00:00:00,9699.174
2018-03-17 03:00:00,5783.148
2018-03-17 06:00:00,4291.289
2018-03-17 09:00:00,8139.3525
2018-03-17 12:00:00,9290.981
2018-03-17 15:00:00,6468.1006
2018-03-17 18:00:00,8899.665
2018-03-17 21:00:00,8954.902
2018-03-18 00:00:00,8050.564
2018-03-18 03:00:00,3509.451
2018-03-18 06:00:00,2422.1729
2018-03-18 09:00:00,4646.9893
2018-03-18 12:00:00,5820.5967
2018-03-18 15:00:00,5366.2
2018-03-18 18:00:00,3142.7007
2018-03-18 21:00:00,8762.038
2018-03-19 00:00:00,8179.2686
2018-03-19 03:00:00,5918.617
2018-03-19 06:00:00,5892.112
2018-03-19 09:00:00,9682.344
2018-03-19 12:00:00,11355.73
2018-03-19 15:00:00,9339.061
2018-03-19 18:00:00,8244.429
2018-03-19 21:00:00,9252.658
2018-03-20 00:00:00,6372.8623
2018-03-20 03:00:00,5628.3916
2018-03-20 06:00:00,4896.6426
2018-03-20 09:00:00,8616.011
2018-03-20 12:00:00,11338.008
2018-03-20 15:00:00,8972.419
2018-03-20 18:00:00,9021.401
2018-03-20 21:00:00,7844.1377
2018-03-21 00:00:00,11779.653
2018-03-21 03:00:00,8680.446
2018-03-21 06:00:00,6287.939
2018-03-21 09:00:00,8510.967
2018-03-21 12:00:00,10786.863
2018-03-21 15:00:00,8413.426
2018-03-21 18:00:00,9738.309
2018-03-21 21:00:00,8049.119
2018-03-22 00:00:00,9576.249
2018-03-22 03:00:00,7553.1807
2018-03-22 06:00:00,6668.3374
2018-03-22 09:00:00,9544.631
2018-03-22 12:00:00,12862.27
2018-03-22 15:00:00,10974.846
2018-03-22 18:00:00,9221.424
2018-03-22 21:00:00,12752.233
2018-03-23 00:00:00,12370.1455
2018-03-23 03:00:00,7976.611
2018-03-23 06:00:00,7037.309
2018-03-23 09:00:00,9446.286
2018-03-23 12:00:00,10925.953
2018-03-23 15:00:00,10156.532
2018-03-23 18:00:00,8135.4307
2018-03-23 21:00:00,10482.757
2018-03-24 00:00:00,11176.827
2018-03-24 03:00:00,3724.8503
2018-03-24 06:00:00,3142.486
2018-03-24 09:00:00,4913.081
2018-03-24 12:00:00,5858.588
2018-03-24 15:00:00,6725.476
2018-03-24 18:00:00,4414.7812
2018-03-24 21:00:00,7164.8306
2018-03-25 00:00:00,7285.15
2018-03-25 03:00:00,4387.7
2018-03-25 06:00:00,4818.405
2018-03-25 09:00:00,8180.0215
2018-03-25 12:00:00,8884.517
2018-03-25 15:00:00,9237.009
2018-03-25 18:00:00,7507.319
2018-03-25 21:00:00,8563.567
2018-03-26 00:00:00,11201.79
2018-03-26 03:00:00,6356.1426
2018-03-26 06:00:00,5050.977
2018-03-26 09:00:00,10614.696
2018-03-26 12:00:00,11139.093
2018-03-26 15:00:00,10976.836
2018-03-26 18:00:00,8432.986
2018-03-26 21:00:00,11628.9375
2018-03-27 00:00:00,9340.416
2018-03-27 03:00:00,8616.118
2018-03-27 06:00:00,5361.4927
2018-03-27 09:00:00,10387.904
2018-03-27 12:00:00,12731.258
2018-03-27 15:00:00,12170.625
2018-03-27 18:00:00,8211.184
2018-03-27 21:00:00,11698.185
2018-03-28 00:00:00,12215.121
2018-03-28 03:00:00,8828.211
2018-03-28 06:00:00,6530.095
2018-03-28 09:00:00,12202.528
2018-03-28 12:00:00,13197.445
2018-03-28 15:00:00,11028.129
2018-03-28 18:00:00,7209.319
2018-03-28 21:00:00,6600.894
2018-03-29 00:00:00,8974.178
2018-03-29 03:00:00,5805.236
2018-03-29 06:00:00,5237.7485
2018-03-29 09:00:00,9801.431
2018-03-29 12:00:00,11813.757
2018-03-29 15:00:00,11227.454
2018-03-29 18:00:00,6369.0596
2018-03-29 21:00:00,10781.719
2018-03-30 00:00:00,9333.273
2018-03-30 03:00:00,5101.932
2018-03-30 06:00:00,2834.3992
2018-03-30 09:00:00,7332.1304
2018-03-30 12:00:00,6109.572
2018-03-30 15:00:00,5881.4424
2018-03-30 18:00:00,3350.9456
2018-03-30 21:00:00,4192.2227
2018-03-31 00:00:00,8087.1074
2018-03-31 03:00:00,5680.362
2018-03-31 06:00:00,4215.5986
2018-03-31 09:00:00,4701.647
2018-03-31 12:00:00,5066.219
2018-03-31 15:00:00,7771.0283
2018-03-31 18:00:00,5333.787
2018-03-31 21:00:00,5669.429
2018-04-01 00:00:00,10907.927
2018-04-01 03:00:00,9089.907
2018-04-01 06:00:00,5864.73
2018-04-01 09:00:00,8057.9287
2018-04-01 12:00:00,9645.663
2018-04-01 15:00:00,7995.7715
2018-04-01 18:00:00,6890.8096
2018-04-01 21:00:00,8487.631
2018-04-02 00:00:00,9415.637
2018-04-02 03:00:00,7453.967
2018-04-02 06:00:00,5546.8843
2018-04-02 09:00:00,11223.828
2018-04-02 12:00:00,11198.454
2018-04-02 15:00:00,12161.247
2018-04-02 18:00:00,10987.549
2018-04-02 21:00:00,12549.765
2018-04-03 00:00:00,12526.596
2018-04-03 03:00:00,7422.633
2018-04-03 06:00:00,5374.1016
2018-04-03 09:00:00,10717.951
2018-04-03 12:00:00,10954.706
2018-04-03 15:00:00,10463.842
2018-04-03 18:00:00,6672.967
2018-04-03 21:00:00,10580.931
2018-04-04 00:00:00,9637.176
2018-04-04 03:00:00,5383.1157
2018-04-04 06:00:00,5585.8457
2018-04-04 09:00:00,9226.722
2018-04-04 12:00:00,10145.672
2018-04-04 15:00:00,10199.238
2018-04-04 18:00:00,8797.365
2018-04-04 21:00:00,9569.834
2018-04-05 00:00:00,12129.708
2018-04-05 03:00:00,8494.515
2018-04-05 06:00:00,6403.437
2018-04-05 09:00:00,11388.251
2018-04-05 12:00:00,12411.991
2018-04-05 15:00:00,11332.178
2018-04-05 18:00:00,10043.237
2018-04-05 21:00:00,10546.833
2018-04-06 00:00:00,12860.281
2018-04-06 03:00:00,7788.815
2018-04-06 06:00:00,6111.308
2018-04-06 09:00:00,10933.479
2018-04-06 12:00:00,11441.421
2018-04-06 15:00:00,11347.774
2018-04-06 18:00:00,10166.262
2018-04-06 21:00:00,12132.161
2018-04-07 00:00:00,13259.662
2018-04-07 03:00:00,7936.715
2018-04-07 06:00:00,6476.701
2018-04-07 09:00:00,9931.004
2018-04-07 12:00:00,12437.685
2018-04-07 15:00:00,11648.123
2018-04-07 18:00:00,10843.494
2018-04-07 21:00:00,13015.011
2018-04-08 00:00:00,13758.26
2018-04-08 03:00:00,9321.299
2018-04-08 06:00:00,7486.756
2018-04-08 09:00:00,9542.5205
2018-04-08 12:00:00,8994.61
2018-04-08 15:00:00,7851.266
2018-04-08 18:00:00,5643.4346
2018-04-08 21:00:00,9840.342
2018-04-09 00:00:00,11128.331
2018-04-09 03:00:00,7057.1494
2018-04-09 06:00:00,5044.328
2018-04-09 09:00:00,10462.078
2018-04-09 12:00:00,11074.093
2018-04-09 15:00:00,9050.28
2018-04-09 18:00:00,6677.0527
2018-04-09 21:00:00,10554.528
2018-04-10 00:00:00,9110.028
2018-04-10 03:00:00,5795.6445
2018-04-10 06:00:00,5772.8037
2018-04-10 09:00:00,7822.7954
2018-04-10 12:00:00,9714.06
2018-04-10 15:00:00,10649.181
2018-04-10 18:00:00,11129.869
2018-04-10 21:00:00,13067.575
2018-04-11 00:00:00,11505.75
2018-04-11 03:00:00,4845.606
2018-04-11 06:00:00,2539.2048
2018-04-11 09:00:00,7954.244
2018-04-11 12:00:00,6981.297
2018-04-11 15:00:00,4953.0884
2018-04-11 18:00:00,4783.575
2018-04-11 21:00:00,5587.6504
2018-04-12 00:00:00,6950.0522
2018-04-12 03:00:00,2903.7651
2018-04-12 06:00:00,3738.587
2018-04-12 09:00:00,8749.365
2018-04-12 12:00:00,10227.501
2018-04-12 15:00:00,9298.372
2018-04-12 18:00:00,10286.193
2018-04-12 21:00:00,10982.246
2018-04-13 00:00:00,12049.284
2018-04-13 03:00:00,6537.7725
2018-04-13 06:00:00,6179.6265
2018-04-13 09:00:00,11199.29
2018-04-13 12:00:00,13076.593
2018-04-13 15:00:00,12154.058
2018-04-13 18:00:00,10385.7705
2018-04-13 21:00:00,12201.189
2018-04-14 00:00:00,14126.214
2018-04-14 03:00:00,8764.211
2018-04-14 06:00:00,7929.1855
2018-04-14 09:00:00,10997.987
2018-04-14 12:00:00,10972.2705
2018-04-14 15:00:00,9303.4795
2018-04-14 18:00:00,10329.109
2018-04-14 21:00:00,12140.848
2018-04-15 00:00:00,12786.186
2018-04-15 03:00:00,8678.827
2018-04-15 06:00:00,6856.817
2018-04-15 09:00:00,8845.391
2018-04-15 12:00:00,8462.371
2018-04-15 15:00:00,7152.844
2018-04-15 18:00:00,4455.0093
2018-04-15 21:00:00,8407.671
2018-04-16 00:00:00,10851.421
2018-04-16 03:00:00,6866.013
2018-04-16 06:00:00,4874.1675
2018-04-16 09:00:00,9714.526
2018-04-16 12:00:00,11704.7705
2018-04-16 15:00:00,11062.055
2018-04-16 18:00:00,10298.912
2018-04-16 21:00:00,12802.871
2018-04-17 00:00:00,13583.922
2018-04-17 03:00:00,8963.936
2018-04-17 06:00:00,8210.77
2018-04-17 09:00:00,12075.856
2018-04-17 12:00:00,13572.5205
2018-04-17 15:00:00,14278.178
2018-04-17 18:00:00,12703.956
2018-04-17 21:00:00,11183.9795
2018-04-18 00:00:00,13617.069
2018-04-18 03:00:00,8901.218
2018-04-18 06:00:00,8168.8755
2018-04-18 09:00:00,11601.649
2018-04-18 12:00:00,14342.337
2018-04-18 15:00:00,13781.386
2018-04-18 18:00:00,13642.205
2018-04-18 21:00:00,12292.99
2018-04-19 00:00:00,13498.0625
2018-04-19 03:00:00,9901.527
2018-04-19 06:00:00,8334.732
2018-04-19 09:00:00,11103.281
2018-04-19 12:00:00,13124.734
2018-04-19 15:00:00,13708.064
2018-04-19 18:00:00,11648.88
2018-04-19 21:00:00,11430.139
2018-04-20 00:00:00,12860.769
2018-04-20 03:00:00,9733.852
2018-04-20 06:00:00,7982.71
2018-04-20 09:00:00,10286.983
2018-04-20 12:00:00,10975.201
2018-04-20 15:00:00,11747.498
2018-04-20 18:00:00,9327.256
2018-04-20 21:00:00,11402.204
2018-04-21 00:00:00,12639.999
2018-04-21 03:00:00,9677.937
2018-04-21 06:00:00,7645.1025
2018-04-21 09:00:00,11057.098
2018-04-21 12:00:00,12738.286
2018-04-21 15:00:00,12886.831
2018-04-21 18:00:00,11757.421
2018-04-21 21:00:00,12133.408
2018-04-22 00:00:00,11429.851
2018-04-22 03:00:00,7592.431
2018-04-22 06:00:00,7646.1733
2018-04-22 09:00:00,10491.294
2018-04-22 12:00:00,11883.442
2018-04-22 15:00:00,11290.241
2018-04-22 18:00:00,10682.774
2018-04-22 21:00:00,8260.146
2018-04-23 00:00:00,11850.382
2018-04-23 03:00:00,6641.1797
2018-04-23 06:00:00,8005.478
2018-04-23 09:00:00,10229.112
2018-04-23 12:00:00,13769.949
2018-04-23 15:00:00,12922.351
2018-04-23 18:00:00,12553.433
2018-04-23 21:00:00,10543.709
2018-04-24 00:00:00,10552.237
2018-04-24 03:00:00,9446.05
2018-04-24 06:00:00,6510.115
2018-04-24 09:00:00,10965.731
2018-04-24 12:00:00,13995.858
2018-04-24 15:00:00,14119.121
2018-04-24 18:00:00,12389.682
2018-04-24 21:00:00,9527.071
2018-04-25 00:00:00,12733.792
2018-04-25 03:00:00,9878.116
2018-04-25 06:00:00,6199.3784
2018-04-25 09:00:00,11514.008
2018-04-25 12:00:00,13727.857
2018-04-25 15:00:00,13156.832
2018-04-25 18:00:00,10813.964
2018-04-25 21:00:00,12852.215
2018-04-26 00:00:00,14348.404
2018-04-26 03:00:00,8323.286
2018-04-26 06:00:00,7199.9814
2018-04-26 09:00:00,11197.543
2018-04-26 12:00:00,13350.2705
2018-04-26 15:00:00,13065.499
2018-04-26 18:00:00,12320.152
2018-04-26 21:00:00,11997.419
2018-04-27 00:00:00,12408.01
2018-04-27 03:00:00,8485.638
2018-04-27 06:00:00,6781.2607
2018-04-27 09:00:00,9994.011
2018-04-27 12:00:00,13907.562
2018-04-27 15:00:00,13286.865
2018-04-27 18:00:00,9836.236
2018-04-27 21:00:00,9632.731
2018-04-28 00:00:00,12376.688
2018-04-28 03:00:00,8926.731
2018-04-28 06:00:00,7194.5034
2018-04-28 09:00:00,9587.416
2018-04-28 12:00:00,11221.363
2018-04-28 15:00:00,11558.814
2018-04-28 18:00:00,8146.306
2018-04-28 21:00:00,11126.504
2018-04-29 00:00:00,12764.34
2018-04-29 03:00:00,5247.065
2018-04-29 06:00:00,7152.0264
2018-04-29 09:00:00,7499.2793
2018-04-29 12:00:00,9741.29
2018-04-29 15:00:00,8979.504
2018-04-29 18:00:00,4543.1074
2018-04-29 21:00:00,5118.1987
2018-04-30 00:00:00,10214.239
2018-04-30 03:00:00,6495.3716
2018-04-30 06:00:00,4889.7
2018-04-30 09:00:00,9811.311
2018-04-30 12:00:00,10324.954
2018-04-30 15:00:00,10110.694
2018-04-30 18:00:00,9510.291
2018-04-30 21:00:00,9905.984
2018-05-01 00:00:00,11363.533
2018-05-01 03:00:00,7695.2285
2018-05-01 06:00:00,6587.2
2018-05-01 09:00:00,10658.627
2018-05-01 12:00:00,11502.667
2018-05-01 15:00:00,11644.215
2018-05-01 18:00:00,10977.216
2018-05-01 21:00:00,12999.79
2018-05-02 00:00:00,13901.587
2018-05-02 03:00:00,8746.964
2018-05-02 06:00:00,6881.0957
2018-05-02 09:00:00,10829.33
2018-05-02 12:00:00,9407.782
2018-05-02 15:00:00,11069.892
2018-05-02 18:00:00,11114.832
2018-05-02 21:00:00,11286.612
2018-05-03 00:00:00,11452.998
2018-05-03 03:00:00,7501.0938
2018-05-03 06:00:00,5945.093
2018-05-03 09:00:00,10003.585
2018-05-03 12:00:00,11084.979
2018-05-03 15:00:00,9535.238
2018-05-03 18:00:00,8542.685
2018-05-03 21:00:00,9935.414
2018-05-04 00:00:00,10870.701
2018-05-04 03:00:00,5953.847
2018-05-04 06:00:00,5673.409
2018-05-04 09:00:00,8536.674
2018-05-04 12:00:00,9544.435
2018-05-04 15:00:00,10980.794
2018-05-04 18:00:00,8901.24
2018-05-04 21:00:00,11801.788
2018-05-05 00:00:00,12670.69
2018-05-05 03:00:00,8813.346
2018-05-05 06:00:00,8326.928
2018-05-05 09:00:00,9848.222
2018-05-05 12:00:00,10805.576
2018-05-05 15:00:00,11536.479
2018-05-05 18:00:00,10211.549
2018-05-05 21:00:00,11243.552
2018-05-06 00:00:00,11679.4795
2018-05-06 03:00:00,8556.574
2018-05-06 06:00:00,7778.3877
2018-05-06 09:00:00,9701.758
2018-05-06 12:00:00,12745.523
2018-05-06 15:00:00,10802.948
2018-05-06 18:00:00,9748.103
2018-05-06 21:00:00,8868.617
2018-05-07 00:00:00,11898.548
2018-05-07 03:00:00,9128.841
2018-05-07 06:00:00,7916.369
2018-05-07 09:00:00,11662.223
2018-05-07 12:00:00,14457.226
2018-05-07 15:00:00,13748.331
2018-05-07 18:00:00,12586.341
2018-05-07 21:00:00,11695.745
2018-05-08 00:00:00,12346.724
2018-05-08 03:00:00,8498.775
2018-05-08 06:00:00,6406.5415
2018-05-08 09:00:00,10669.512
2018-05-08 12:00:00,13697.312
2018-05-08 15:00:00,14075.529
2018-05-08 18:00:00,11912.036
2018-05-08 21:00:00,12195.478
2018-05-09 00:00:00,12745.533
2018-05-09 03:00:00,8219.869
2018-05-09 06:00:00,7628.9053
2018-05-09 09:00:00,11900.332
2018-05-09 12:00:00,14725.594
2018-05-09 15:00:00,12557.172
2018-05-09 18:00:00,13271.223
2018-05-09 21:00:00,13102.601
2018-05-10 00:00:00,12066.708
2018-05-10 03:00:00,8714.618
2018-05-10 06:00:00,7214.812
2018-05-10 09:00:00,10789.178
2018-05-10 12:00:00,12044.744
2018-05-10 15:00:00,12140.031
2018-05-10 18:00:00,9741.564
2018-05-10 21:00:00,11442.088
2018-05-11 00:00:00,12853.591
2018-05-11 03:00:00,8829.588
2018-05-11 06:00:00,8123.2246
2018-05-11 09:00:00,12247.399
2018-05-11 12:00:00,14635.394
2018-05-11 15:00:00,13896.411
2018-05-11 18:00:00,12931.0625
2018-05-11 21:00:00,11672.714
2018-05-12 00:00:00,12410.097
2018-05-12 03:00:00,8758.074
2018-05-12 06:00:00,6335.05
2018-05-12 09:00:00,7607.7686
2018-05-12 12:00:00,10195.289
2018-05-12 15:00:00,9514.854
2018-05-12 18:00:00,8205.346
2018-05-12 21:00:00,5877.9277
2018-05-13 00:00:00,10858.1
2018-05-13 03:00:00,6233.828
2018-05-13 06:00:00,6477.2017
2018-05-13 09:00:00,7263.0566
2018-05-13 12:00:00,8466.252
2018-05-13 15:00:00,6670.996
2018-05-13 18:00:00,6630.2856
2018-05-13 21:00:00,7745.48
2018-05-14 00:00:00,11867.997
2018-05-14 03:00:00,8454.004
2018-05-14 06:00:00,6706.1997
2018-05-14 09:00:00,9766.818
2018-05-14 12:00:00,11801.776
2018-05-14 15:00:00,9867.1455
2018-05-14 18:00:00,8576.308
2018-05-14 21:00:00,9399.497
2018-05-15 00:00:00,11915.266
2018-05-15 03:00:00,7287.5933
2018-05-15 06:00:00,7435.8257
2018-05-15 09:00:00,7732.7305
2018-05-15 12:00:00,11600.956
2018-05-15 15:00:00,12232.852
2018-05-15 18:00:00,9608.249
2018-05-15 21:00:00,9566.59
2018-05-16 00:00:00,12408.781
2018-05-16 03:00:00,9198.296
2018-05-16 06:00:00,7381.2817
2018-05-16 09:00:00,9857.329
2018-05-16 12:00:00,12579.921
2018-05-16 15:00:00,13014.797
2018-05-16 18:00:00,12377.361
2018-05-16 21:00:00,10980.937
2018-05-17 00:00:00,12805.778
2018-05-17 03:00:00,9774.71
2018-05-17 06:00:00,7671.4663
2018-05-17 09:00:00,11060.565
2018-05-17 12:00:00,14516.0625
2018-05-17 15:00:00,14018.426
2018-05-17 18:00:00,12896.582
2018-05-17 21:00:00,10531.491
2018-05-18 00:00:00,11652.12
2018-05-18 03:00:00,8893.413
2018-05-18 06:00:00,8268.204
2018-05-18 09:00:00,12235.001
2018-05-18 12:00:00,13457.367
2018-05-18 15:00:00,12703.878
2018-05-18 18:00:00,13328.122
2018-05-18 21:00:00,11693.128
2018-05-19 00:00:00,13069.508
2018-05-19 03:00:00,8716.012
2018-05-19 06:00:00,8131.4385
2018-05-19 09:00:00,10361.8
2018-05-19 12:00:00,12336.684
2018-05-19 15:00:00,11941.894
2018-05-19 18:00:00,12443.562
2018-05-19 21:00:00,11162.646
2018-05-20 00:00:00,10984.412
2018-05-20 03:00:00,8956.442
2018-05-20 06:00:00,8070.525
2018-05-20 09:00:00,8408.496
2018-05-20 12:00:00,9606.336
2018-05-20 15:00:00,9710.726
2018-05-20 18:00:00,9937.318
2018-05-20 21:00:00,8954.862
2018-05-21 00:00:00,11939.689
2018-05-21 03:00:00,8623.712
2018-05-21 06:00:00,7170.725
2018-05-21 09:00:00,11912.772
2018-05-21 12:00:00,13949.036
2018-05-21 15:00:00,12912.689
2018-05-21 18:00:00,13750.986
2018-05-21 21:00:00,12872.713
2018-05-22 00:00:00,13193.489
2018-05-22 03:00:00,8670.601
2018-05-22 06:00:00,7437.571
2018-05-22 09:00:00,12212.492
2018-05-22 12:00:00,13570.689
2018-05-22 15:00:00,13433.274
2018-05-22 18:00:00,13282.434
2018-05-22 21:00:00,12800.729
2018-05-23 00:00:00,13166.4
2018-05-23 03:00:00,8801.015
2018-05-23 06:00:00,7800.9717
2018-05-23 09:00:00,12894.475
2018-05-23 12:00:00,14160.887
2018-05-23 15:00:00,13344.283
2018-05-23 18:00:00,12258.33
2018-05-23 21:00:00,13283.739
2018-05-24 00:00:00,13119.065
2018-05-24 03:00:00,9455.304
2018-05-24 06:00:00,8268.918
2018-05-24 09:00:00,12987.824
2018-05-24 12:00:00,14347.696
2018-05-24 15:00:00,14479.568
2018-05-24 18:00:00,12370.472
2018-05-24 21:00:00,13716.847
2018-05-25 00:00:00,12905.262
2018-05-25 03:00:00,10139.384
2018-05-25 06:00:00,8299.731
2018-05-25 09:00:00,11344.535
2018-05-25 12:00:00,13306.203
2018-05-25 15:00:00,13252.76
2018-05-25 18:00:00,13712.267
2018-05-25 21:00:00,14688.285
2018-05-26 00:00:00,14071.198
2018-05-26 03:00:00,8629.239
2018-05-26 06:00:00,7596.464
2018-05-26 09:00:00,11229.904
2018-05-26 12:00:00,10483.42
2018-05-26 15:00:00,10048.438
2018-05-26 18:00:00,11376.385
2018-05-26 21:00:00,11883.645
2018-05-27 00:00:00,12234.415
2018-05-27 03:00:00,7461.4155
2018-05-27 06:00:00,7170.445
2018-05-27 09:00:00,8521.542
2018-05-27 12:00:00,9112.954
2018-05-27 15:00:00,8473.796
2018-05-27 18:00:00,7731.427
2018-05-27 21:00:00,8531.753
2018-05-28 00:00:00,13397.294
2018-05-28 03:00:00,8942.836
2018-05-28 06:00:00,5436.5186
2018-05-28 09:00:00,9665.807
2018-05-28 12:00:00,11635.268
2018-05-28 15:00:00,11211.104
2018-05-28 18:00:00,13110.715
2018-05-28 21:00:00,13348.344
2018-05-29 00:00:00,14730.802
2018-05-29 03:00:00,8090.7905
2018-05-29 06:00:00,8370.996
2018-05-29 09:00:00,12086.611
2018-05-29 12:00:00,13539.121
2018-05-29 15:00:00,13936.745
2018-05-29 18:00:00,13469.195
2018-05-29 21:00:00,13450.61
2018-05-30 00:00:00,14692.647
2018-05-30 03:00:00,8606.667
2018-05-30 06:00:00,7099.4194
2018-05-30 09:00:00,13082.836
2018-05-30 12:00:00,12751.538
2018-05-30 15:00:00,13320.551
2018-05-30 18:00:00,12488.803
2018-05-30 21:00:00,13134.342
2018-05-31 00:00:00,14271.891
2018-05-31 03:00:00,9969.433
2018-05-31 06:00:00,8780.009
2018-05-31 09:00:00,14117.584
2018-05-31 12:00:00,13591.98
2018-05-31 15:00:00,13277.938
2018-05-31 18:00:00,12860.885
2018-05-31 21:00:00,13483.299
2018-06-01 00:00:00,12970.3
2018-06-01 03:00:00,10497.1875
2018-06-01 06:00:00,8562.503
2018-06-01 09:00:00,13642.022
2018-06-01 12:00:00,12621.105
2018-06-01 15:00:00,12662.791
2018-06-01 18:00:00,12177.903
2018-06-01 21:00:00,13661.733
2018-06-02 00:00:00,13346.1
2018-06-02 03:00:00,9195.5205
2018-06-02 06:00:00,8244.317
2018-06-02 09:00:00,8944.285
2018-06-02 12:00:00,11528.573
2018-06-02 15:00:00,12112.717
2018-06-02 18:00:00,11840.495
2018-06-02 21:00:00,11111.109
2018-06-03 00:00:00,12363.663
2018-06-03 03:00:00,9257.33
2018-06-03 06:00:00,7868.058
2018-06-03 09:00:00,10389.508
2018-06-03 12:00:00,10027.709
2018-06-03 15:00:00,7446.213
2018-06-03 18:00:00,6784.8306
2018-06-03 21:00:00,8529.874
2018-06-04 00:00:00,11111.516
2018-06-04 03:00:00,8514.163
2018-06-04 06:00:00,6294.673
2018-06-04 09:00:00,10899.712
2018-06-04 12:00:00,12948.071
2018-06-04 15:00:00,12177.637
2018-06-04 18:00:00,10017.236
2018-06-04 21:00:00,9443.82
2018-06-05 00:00:00,12036.726
2018-06-05 03:00:00,7082.8867
2018-06-05 06:00:00,5681.9746
2018-06-05 09:00:00,11304.194
2018-06-05 12:00:00,13381.842
2018-06-05 15:00:00,12832.964
2018-06-05 18:00:00,10971.847
2018-06-05 21:00:00,11824.928
2018-06-06 00:00:00,11158.933
2018-06-06 03:00:00,8592.171
2018-06-06 06:00:00,6805.897
2018-06-06 09:00:00,11032.097
2018-06-06 12:00:00,12077.234
2018-06-06 15:00:00,11180.43
2018-06-06 18:00:00,12198.714
2018-06-06 21:00:00,13278.752
2018-06-07 00:00:00,12062.988
2018-06-07 03:00:00,9306.474
2018-06-07 06:00:00,7754.627
2018-06-07 09:00:00,11817.082
2018-06-07 12:00:00,13041.148
2018-06-07 15:00:00,12450.681
2018-06-07 18:00:00,10774.984
2018-06-07 21:00:00,12544.868
2018-06-08 00:00:00,13188.499
2018-06-08 03:00:00,9961.156
2018-06-08 06:00:00,8622.162
2018-06-08 09:00:00,13523.938
2018-06-08 12:00:00,12731.531
2018-06-08 15:00:00,12097.92
2018-06-08 18:00:00,12647.721
2018-06-08 21:00:00,14016.336
2018-06-09 00:00:00,13894.95
2018-06-09 03:00:00,10485.955
2018-06-09 06:00:00,8405.647
2018-06-09 09:00:00,10342.213
2018-06-09 12:00:00,11823.652
2018-06-09 15:00:00,10987.297
2018-06-09 18:00:00,7691.5825
2018-06-09 21:00:00,10678.165
2018-06-10 00:00:00,11944.343
2018-06-10 03:00:00,9205.29
2018-06-10 06:00:00,8201.626
2018-06-10 09:00:00,8081.4326
2018-06-10 12:00:00,10322.705
2018-06-10 15:00:00,8512.269
2018-06-10 18:00:00,6721.409
2018-06-10 21:00:00,8858.853
2018-06-11 00:00:00,11624.067
2018-06-11 03:00:00,8509.006
2018-06-11 06:00:00,6403.219
2018-06-11 09:00:00,10891.229
2018-06-11 12:00:00,13077.7295
2018-06-11 15:00:00,13764.914
2018-06-11 18:00:00,12345.073
2018-06-11 21:00:00,12903.085
2018-06-12 00:00:00,10434.81
2018-06-12 03:00:00,9156.647
2018-06-12 06:00:00,7676.5527
2018-06-12 09:00:00,10316.28
2018-06-12 12:00:00,13178.896
2018-06-12 15:00:00,12612.02
2018-06-12 18:00:00,12256.094
2018-06-12 21:00:00,11452.954
2018-06-13 00:00:00,12653.558
2018-06-13 03:00:00,7548.0874
2018-06-13 06:00:00,6395.4517
2018-06-13 09:00:00,8983.079
2018-06-13 12:00:00,12782.774
2018-06-13 15:00:00,10967.447
2018-06-13 18:00:00,11424.194
2018-06-13 21:00:00,11890.863
2018-06-14 00:00:00,12723.598
2018-06-14 03:00:00,8630.605
2018-06-14 06:00:00,6405.6
2018-06-14 09:00:00,12188.624
2018-06-14 12:00:00,12547.853
2018-06-14 15:00:00,13143.404
2018-06-14 18:00:00,12701.45
2018-06-14 21:00:00,13201.043
2018-06-15 00:00:00,13886.846
2018-06-15 03:00:00,10162.729
2018-06-15 06:00:00,8594.838
2018-06-15 09:00:00,13067.616
2018-06-15 12:00:00,13208.501
2018-06-15 15:00:00,13438.462
2018-06-15 18:00:00,12319.276
2018-06-15 21:00:00,13083.0
2018-06-16 00:00:00,13704.417
2018-06-16 03:00:00,9803.785
2018-06-16 06:00:00,8133.5034
2018-06-16 09:00:00,10612.409
2018-06-16 12:00:00,10790.726
2018-06-16 15:00:00,10791.481
2018-06-16 18:00:00,9954.532
2018-06-16 21:00:00,10317.816
2018-06-17 00:00:00,12127.344
2018-06-17 03:00:00,8200.857
2018-06-17 06:00:00,7215.5356
2018-06-17 09:00:00,9832.775
2018-06-17 12:00:00,8632.691
2018-06-17 15:00:00,9578.531
2018-06-17 18:00:00,9447.686
2018-06-17 21:00:00,9248.37
2018-06-18 00:00:00,10932.337
2018-06-18 03:00:00,7615.2173
2018-06-18 06:00:00,8107.4985
2018-06-18 09:00:00,11038.55
2018-06-18 12:00:00,12636.63
2018-06-18 15:00:00,12820.521
2018-06-18 18:00:00,12501.393
2018-06-18 21:00:00,12106.083
2018-06-19 00:00:00,13323.959
2018-06-19 03:00:00,8950.108
2018-06-19 06:00:00,8118.481
2018-06-19 09:00:00,12681.41
2018-06-19 12:00:00,12580.096
2018-06-19 15:00:00,13400.243
2018-06-19 18:00:00,12492.091
2018-06-19 21:00:00,12839.747
2018-06-20 00:00:00,13463.535
2018-06-20 03:00:00,10973.855
2018-06-20 06:00:00,9772.835
2018-06-20 09:00:00,12770.038
2018-06-20 12:00:00,13981.76
2018-06-20 15:00:00,13811.413
2018-06-20 18:00:00,13270.271
2018-06-20 21:00:00,13359.783
2018-06-21 00:00:00,14840.252
2018-06-21 03:00:00,10797.589
2018-06-21 06:00:00,8536.251
2018-06-21 09:00:00,12523.586
2018-06-21 12:00:00,13647.516
2018-06-21 15:00:00,14882.957
2018-06-21 18:00:00,12778.951
2018-06-21 21:00:00,12599.772
2018-06-22 00:00:00,12714.683
2018-06-22 03:00:00,9634.786
2018-06-22 06:00:00,9608.952
2018-06-22 09:00:00,11648.442
2018-06-22 12:00:00,14172.458
2018-06-22 15:00:00,13997.675
2018-06-22 18:00:00,12462.863
2018-06-22 21:00:00,12210.054
2018-06-23 00:00:00,12155.996
2018-06-23 03:00:00,10748.183
2018-06-23 06:00:00,8433.363
2018-06-23 09:00:00,9118.009
2018-06-23 12:00:00,11424.349
2018-06-23 15:00:00,12886.76
2018-06-23 18:00:00,12533.66
2018-06-23 21:00:00,11730.104
2018-06-24 00:00:00,12234.29
2018-06-24 03:00:00,8911.348
2018-06-24 06:00:00,7423.837
2018-06-24 09:00:00,9730.866
2018-06-24 12:00:00,10465.228
2018-06-24 15:00:00,11379.384
2018-06-24 18:00:00,11116.831
2018-06-24 21:00:00,10019.223
2018-06-25 00:00:00,13675.892
2018-06-25 03:00:00,9971.89
2018-06-25 06:00:00,9192.526
2018-06-25 09:00:00,12729.184
2018-06-25 12:00:00,14289.707
2018-06-25 15:00:00,14732.788
2018-06-25 18:00:00,14314.512
2018-06-25 21:00:00,12682.296
2018-06-26 00:00:00,12376.23
2018-06-26 03:00:00,10531.951
2018-06-26 06:00:00,9350.655
2018-06-26 09:00:00,12799.124
2018-06-26 12:00:00,13657.753
2018-06-26 15:00:00,13466.36
2018-06-26 18:00:00,14500.22
2018-06-26 21:00:00,13528.902
2018-06-27 00:00:00,14277.804
2018-06-27 03:00:00,10152.448
2018-06-27 06:00:00,9700.591
2018-06-27 09:00:00,12615.019
2018-06-27 12:00:00,14109.725
2018-06-27 15:00:00,14137.196
2018-06-27 18:00:00,12081.831
2018-06-27 21:00:00,11805.204
2018-06-28 00:00:00,13903.347
2018-06-28 03:00:00,12484.202
2018-06-28 06:00:00,9341.676
2018-06-28 09:00:00,12286.476
2018-06-28 12:00:00,13727.278
2018-06-28 15:00:00,14841.257
2018-06-28 18:00:00,12810.281
2018-06-28 21:00:00,12835.251
2018-06-29 00:00:00,14509.948
2018-06-29 03:00:00,11435.453
2018-06-29 06:00:00,9737.69
2018-06-29 09:00:00,11609.781
2018-06-29 12:00:00,13120.651
2018-06-29 15:00:00,14366.479
2018-06-29 18:00:00,14611.895
2018-06-29 21:00:00,14100.953
2018-06-30 00:00:00,15475.904
2018-06-30 03:00:00,10611.223
2018-06-30 06:00:00,8589.0
2018-06-30 09:00:00,9425.388
2018-06-30 12:00:00,12176.557
2018-06-30 15:00:00,12059.617
2018-06-30 18:00:00,12665.548
2018-06-30 21:00:00,12007.16
2018-07-01 00:00:00,11891.899
2018-07-01 03:00:00,9242.666
2018-07-01 06:00:00,7679.65
2018-07-01 09:00:00,8135.535
2018-07-01 12:00:00,10146.517
2018-07-01 15:00:00,8864.659
2018-07-01 18:00:00,9776.755
2018-07-01 21:00:00,8232.433
2018-07-02 00:00:00,12850.268
2018-07-02 03:00:00,10749.055
2018-07-02 06:00:00,8727.69
2018-07-02 09:00:00,10021.599
2018-07-02 12:00:00,13209.871
2018-07-02 15:00:00,12286.729
2018-07-02 18:00:00,11820.842
2018-07-02 21:00:00,11758.704
2018-07-03 00:00:00,12310.864
2018-07-03 03:00:00,10332.857
2018-07-03 06:00:00,9818.148
2018-07-03 09:00:00,12286.788
2018-07-03 12:00:00,8376.135
2018-07-03 15:00:00,9998.512
2018-07-03 18:00:00,14024.53
2018-07-03 21:00:00,11833.414
2018-07-04 00:00:00,13745.07
2018-07-04 03:00:00,11781.812
2018-07-04 06:00:00,10471.237
2018-07-04 09:00:00,12122.749
2018-07-04 12:00:00,11664.367
2018-07-04 15:00:00,8532.91
2018-07-04 18:00:00,11098.665
2018-07-04 21:00:00,8785.247
2018-07-05 00:00:00,13654.903
2018-07-05 03:00:00,10056.026
2018-07-05 06:00:00,8444.112
2018-07-05 09:00:00,9556.829
2018-07-05 12:00:00,11225.288
2018-07-05 15:00:00,11925.707
2018-07-05 18:00:00,11209.11
2018-07-05 21:00:00,11264.42
2018-07-06 00:00:00,13734.071
2018-07-06 03:00:00,10549.125
2018-07-06 06:00:00,8747.809
2018-07-06 09:00:00,11358.725
2018-07-06 12:00:00,12885.572
2018-07-06 15:00:00,11924.77
2018-07-06 18:00:00,11661.694
2018-07-06 21:00:00,10620.374
2018-07-07 00:00:00,11785.404
2018-07-07 03:00:00,10702.825
2018-07-07 06:00:00,9165.857
2018-07-07 09:00:00,10417.328
2018-07-07 12:00:00,12089.113
2018-07-07 15:00:00,12454.997
2018-07-07 18:00:00,11096.967
2018-07-07 21:00:00,11574.74
2018-07-08 00:00:00,12143.135
2018-07-08 03:00:00,9023.786
2018-07-08 06:00:00,8155.036
2018-07-08 09:00:00,8919.794
2018-07-08 12:00:00,10321.425
2018-07-08 15:00:00,10777.183
2018-07-08 18:00:00,9305.782
2018-07-08 21:00:00,10168.75
2018-07-09 00:00:00,9547.963
2018-07-09 03:00:00,9148.626
2018-07-09 06:00:00,9716.611
2018-07-09 09:00:00,8978.05
2018-07-09 12:00:00,10012.445
2018-07-09 15:00:00,11579.76
2018-07-09 18:00:00,10301.731
2018-07-09 21:00:00,11620.981
2018-07-10 00:00:00,11872.266
2018-07-10 03:00:00,10075.306
2018-07-10 06:00:00,9419.987
2018-07-10 09:00:00,11534.673
2018-07-10 12:00:00,10580.37
2018-07-10 15:00:00,9921.329
2018-07-10 18:00:00,9354.056
2018-07-10 21:00:00,12465.736
2018-07-11 00:00:00,13543.183
2018-07-11 03:00:00,11083.654
2018-07-11 06:00:00,9317.022
2018-07-11 09:00:00,12308.117
2018-07-11 12:00:00,8635.746
2018-07-11 15:00:00,10124.279
2018-07-11 18:00:00,11245.264
2018-07-11 21:00:00,13500.822
2018-07-12 00:00:00,13723.158
2018-07-12 03:00:00,9433.739
2018-07-12 06:00:00,7906.2393
2018-07-12 09:00:00,12498.74
2018-07-12 12:00:00,11562.285
2018-07-12 15:00:00,11664.052
2018-07-12 18:00:00,13394.482
2018-07-12 21:00:00,11370.773
2018-07-13 00:00:00,13531.992
2018-07-13 03:00:00,9546.64
2018-07-13 06:00:00,8976.955
2018-07-13 09:00:00,11126.072
2018-07-13 12:00:00,7325.7295
2018-07-13 15:00:00,11352.181
2018-07-13 18:00:00,12376.728
2018-07-13 21:00:00,11408.184
2018-07-14 00:00:00,12752.903
2018-07-14 03:00:00,10356.328
2018-07-14 06:00:00,9360.191
2018-07-14 09:00:00,10535.528
2018-07-14 12:00:00,11070.001
2018-07-14 15:00:00,11279.964
2018-07-14 18:00:00,10885.667
2018-07-14 21:00:00,10693.178
2018-07-15 00:00:00,11602.331
2018-07-15 03:00:00,9714.253
2018-07-15 06:00:00,8089.8125
2018-07-15 09:00:00,9845.8955
2018-07-15 12:00:00,7167.835
2018-07-15 15:00:00,9659.385
2018-07-15 18:00:00,4138.267
2018-07-15 21:00:00,7296.562
2018-07-16 00:00:00,11282.641
2018-07-16 03:00:00,7146.1533
2018-07-16 06:00:00,5562.003
2018-07-16 09:00:00,11385.297
2018-07-16 12:00:00,11900.385
2018-07-16 15:00:00,9554.109
2018-07-16 18:00:00,11386.956
2018-07-16 21:00:00,11431.239
2018-07-17 00:00:00,10934.9375
2018-07-17 03:00:00,9199.457
2018-07-17 06:00:00,8589.756
2018-07-17 09:00:00,11040.492
2018-07-17 12:00:00,9933.312
2018-07-17 15:00:00,12352.727
2018-07-17 18:00:00,12197.515
2018-07-17 21:00:00,13510.901
2018-07-18 00:00:00,14228.803
2018-07-18 03:00:00,11680.218
2018-07-18 06:00:00,9740.047
2018-07-18 09:00:00,11893.065
2018-07-18 12:00:00,9799.397
2018-07-18 15:00:00,9745.916
2018-07-18 18:00:00,13686.411
2018-07-18 21:00:00,13528.483
2018-07-19 00:00:00,14527.0
2018-07-19 03:00:00,11169.132
2018-07-19 06:00:00,9459.38
2018-07-19 09:00:00,13033.249
2018-07-19 12:00:00,12632.814
2018-07-19 15:00:00,11863.056
2018-07-19 18:00:00,12811.678
2018-07-19 21:00:00,13404.001
2018-07-20 00:00:00,13563.268
2018-07-20 03:00:00,11511.78
2018-07-20 06:00:00,9449.283
2018-07-20 09:00:00,12925.342
2018-07-20 12:00:00,13085.868
2018-07-20 15:00:00,12753.268
2018-07-20 18:00:00,11066.061
2018-07-20 21:00:00,13068.574
2018-07-21 00:00:00,13381.836
2018-07-21 03:00:00,11306.383
2018-07-21 06:00:00,8584.191
2018-07-21 09:00:00,9650.966
2018-07-21 12:00:00,11324.755
2018-07-21 15:00:00,12878.942
2018-07-21 18:00:00,12328.23
2018-07-21 21:00:00,9634.23
2018-07-22 00:00:00,11792.033
2018-07-22 03:00:00,8599.239
2018-07-22 06:00:00,6417.5415
2018-07-22 09:00:00,8443.266
2018-07-22 12:00:00,10807.998
2018-07-22 15:00:00,10098.61
2018-07-22 18:00:00,10019.048
2018-07-22 21:00:00,10415.679
2018-07-23 00:00:00,11500.979
2018-07-23 03:00:00,9175.839
2018-07-23 06:00:00,8906.192
2018-07-23 09:00:00,12026.626
2018-07-23 12:00:00,12093.5
2018-07-23 15:00:00,11151.732
2018-07-23 18:00:00,13279.062
2018-07-23 21:00:00,13551.766
2018-07-24 00:00:00,12976.867
2018-07-24 03:00:00,11129.462
2018-07-24 06:00:00,10121.016
2018-07-24 09:00:00,11523.906
2018-07-24 12:00:00,10785.11
2018-07-24 15:00:00,10841.439
2018-07-24 18:00:00,10898.808
2018-07-24 21:00:00,14760.45
2018-07-25 00:00:00,14887.505
2018-07-25 03:00:00,10469.487
2018-07-25 06:00:00,10200.932
2018-07-25 09:00:00,12054.45
2018-07-25 12:00:00,9641.276
2018-07-25 15:00:00,12405.1045
2018-07-25 18:00:00,12943.748
2018-07-25 21:00:00,10755.15
2018-07-26 00:00:00,14319.44
2018-07-26 03:00:00,10883.443
2018-07-26 06:00:00,9652.543
2018-07-26 09:00:00,11363.695
2018-07-26 12:00:00,10934.783
2018-07-26 15:00:00,11837.626
2018-07-26 18:00:00,12084.358
2018-07-26 21:00:00,13798.285
2018-07-27 00:00:00,14138.839
2018-07-27 03:00:00,11068.262
2018-07-27 06:00:00,9544.511
2018-07-27 09:00:00,12314.267
2018-07-27 12:00:00,12385.06
2018-07-27 15:00:00,10743.22
2018-07-27 18:00:00,11394.58
2018-07-27 21:00:00,13776.808
2018-07-28 00:00:00,14202.928
2018-07-28 03:00:00,11532.923
2018-07-28 06:00:00,9661.718
2018-07-28 09:00:00,10128.945
2018-07-28 12:00:00,11111.821
2018-07-28 15:00:00,11485.923
2018-07-28 18:00:00,10284.025
2018-07-28 21:00:00,11489.166
2018-07-29 00:00:00,13509.871
2018-07-29 03:00:00,9837.743
2018-07-29 06:00:00,9097.9
2018-07-29 09:00:00,7292.4966
2018-07-29 12:00:00,10273.468
2018-07-29 15:00:00,9874.417
2018-07-29 18:00:00,9916.536
2018-07-29 21:00:00,10469.083
2018-07-30 00:00:00,12423.625
2018-07-30 03:00:00,10117.464
2018-07-30 06:00:00,9510.834
2018-07-30 09:00:00,10200.337
2018-07-30 12:00:00,9682.485
2018-07-30 15:00:00,11502.8955
2018-07-30 18:00:00,9638.559
2018-07-30 21:00:00,8737.708
2018-07-31 00:00:00,13151.894
2018-07-31 03:00:00,10597.606
2018-07-31 06:00:00,9955.306
2018-07-31 09:00:00,11171.644
2018-07-31 12:00:00,10446.827
2018-07-31 15:00:00,13291.815
2018-07-31 18:00:00,14363.2295
2018-07-31 21:00:00,11196.852
2018-08-01 00:00:00,13818.092
2018-08-01 03:00:00,11194.956
2018-08-01 06:00:00,9199.905
2018-08-01 09:00:00,11348.938
2018-08-01 12:00:00,11138.304
2018-08-01 15:00:00,13580.125
2018-08-01 18:00:00,12699.555
2018-08-01 21:00:00,11706.297
2018-08-02 00:00:00,12955.638
2018-08-02 03:00:00,10337.855
2018-08-02 06:00:00,9698.908
2018-08-02 09:00:00,12600.299
2018-08-02 12:00:00,11900.504
2018-08-02 15:00:00,13061.989
2018-08-02 18:00:00,11845.275
2018-08-02 21:00:00,10668.115
2018-08-03 00:00:00,13619.563
2018-08-03 03:00:00,9721.563
2018-08-03 06:00:00,9163.863
2018-08-03 09:00:00,11639.266
2018-08-03 12:00:00,11198.407
2018-08-03 15:00:00,12315.636
2018-08-03 18:00:00,11727.124
2018-08-03 21:00:00,10786.528
2018-08-04 00:00:00,11391.608
2018-08-04 03:00:00,10609.852
2018-08-04 06:00:00,8381.048
2018-08-04 09:00:00,11158.652
2018-08-04 12:00:00,10911.942
2018-08-04 15:00:00,12219.646
2018-08-04 18:00:00,10748.597
2018-08-04 21:00:00,10465.941
2018-08-05 00:00:00,9126.32
2018-08-05 03:00:00,9556.609
2018-08-05 06:00:00,7744.061
2018-08-05 09:00:00,9139.333
2018-08-05 12:00:00,10621.496
2018-08-05 15:00:00,6644.194
2018-08-05 18:00:00,10240.76
2018-08-05 21:00:00,12262.953
2018-08-06 00:00:00,12030.972
2018-08-06 03:00:00,9258.703
2018-08-06 06:00:00,8921.8
2018-08-06 09:00:00,10672.184
2018-08-06 12:00:00,11354.681
2018-08-06 15:00:00,13681.789
2018-08-06 18:00:00,13806.261
2018-08-06 21:00:00,11043.477
2018-08-07 00:00:00,11557.222
2018-08-07 03:00:00,8631.514
2018-08-07 06:00:00,8447.306
2018-08-07 09:00:00,12113.213
2018-08-07 12:00:00,11105.168
2018-08-07 15:00:00,11517.128
2018-08-07 18:00:00,12240.72
2018-08-07 21:00:00,11085.053
2018-08-08 00:00:00,13593.139
2018-08-08 03:00:00,9210.854
2018-08-08 06:00:00,9709.679
2018-08-08 09:00:00,11518.885
2018-08-08 12:00:00,10993.155
2018-08-08 15:00:00,10870.8955
2018-08-08 18:00:00,11592.796
2018-08-08 21:00:00,9045.476
2018-08-09 00:00:00,12672.902
2018-08-09 03:00:00,7251.6226
2018-08-09 06:00:00,8118.42
2018-08-09 09:00:00,11144.197
2018-08-09 12:00:00,9785.398
2018-08-09 15:00:00,10435.919
2018-08-09 18:00:00,11031.802
2018-08-09 21:00:00,11313.489
2018-08-10 00:00:00,11051.298
2018-08-10 03:00:00,8412.762
2018-08-10 06:00:00,7534.6016
2018-08-10 09:00:00,11078.355
2018-08-10 12:00:00,13123.74
2018-08-10 15:00:00,12177.096
2018-08-10 18:00:00,11042.006
2018-08-10 21:00:00,11992.837
2018-08-11 00:00:00,13185.007
2018-08-11 03:00:00,9793.277
2018-08-11 06:00:00,9058.845
2018-08-11 09:00:00,9433.568
2018-08-11 12:00:00,11763.834
2018-08-11 15:00:00,11859.907
2018-08-11 18:00:00,9896.368
2018-08-11 21:00:00,11043.854
2018-08-12 00:00:00,11559.758
2018-08-12 03:00:00,9740.3545
2018-08-12 06:00:00,8839.078
2018-08-12 09:00:00,8802.5625
2018-08-12 12:00:00,10124.902
2018-08-12 15:00:00,9283.848
2018-08-12 18:00:00,7701.037
2018-08-12 21:00:00,9327.576
2018-08-13 00:00:00,8812.988
2018-08-13 03:00:00,7503.7256
2018-08-13 06:00:00,9370.839
2018-08-13 09:00:00,11180.094
2018-08-13 12:00:00,10538.754
2018-08-13 15:00:00,11207.753
2018-08-13 18:00:00,12604.844
2018-08-13 21:00:00,12488.37
2018-08-14 00:00:00,14138.294
2018-08-14 03:00:00,9161.788
2018-08-14 06:00:00,9008.879
2018-08-14 09:00:00,11713.621
2018-08-14 12:00:00,12554.661
2018-08-14 15:00:00,12504.285
2018-08-14 18:00:00,11435.434
2018-08-14 21:00:00,11020.288
2018-08-15 00:00:00,13188.536
2018-08-15 03:00:00,9652.246
2018-08-15 06:00:00,8349.03
2018-08-15 09:00:00,11322.234
2018-08-15 12:00:00,12315.654
2018-08-15 15:00:00,7515.9565
2018-08-15 18:00:00,10084.365
2018-08-15 21:00:00,11436.745
2018-08-16 00:00:00,13684.482
2018-08-16 03:00:00,9733.936
2018-08-16 06:00:00,8999.472
2018-08-16 09:00:00,12006.389
2018-08-16 12:00:00,7553.804
2018-08-16 15:00:00,7958.7964
2018-08-16 18:00:00,10348.876
2018-08-16 21:00:00,11773.114
2018-08-17 00:00:00,14669.95
2018-08-17 03:00:00,8999.343
2018-08-17 06:00:00,7771.3877
2018-08-17 09:00:00,11361.915
2018-08-17 12:00:00,12218.833
2018-08-17 15:00:00,11960.315
2018-08-17 18:00:00,11737.625
2018-08-17 21:00:00,11075.355
2018-08-18 00:00:00,12633.631
2018-08-18 03:00:00,8895.746
2018-08-18 06:00:00,7379.6743
2018-08-18 09:00:00,9602.679
2018-08-18 12:00:00,11207.85
2018-08-18 15:00:00,11072.74
2018-08-18 18:00:00,10990.8545
2018-08-18 21:00:00,11100.384
2018-08-19 00:00:00,11857.653
2018-08-19 03:00:00,9070.127
2018-08-19 06:00:00,8488.988
2018-08-19 09:00:00,7350.79
2018-08-19 12:00:00,9851.267
2018-08-19 15:00:00,10003.495
2018-08-19 18:00:00,8807.226
2018-08-19 21:00:00,9473.168
2018-08-20 00:00:00,9218.909
2018-08-20 03:00:00,8011.4927
2018-08-20 06:00:00,8905.644
2018-08-20 09:00:00,10972.309
2018-08-20 12:00:00,9596.003
2018-08-20 15:00:00,12032.845
2018-08-20 18:00:00,10154.75
2018-08-20 21:00:00,12289.834
2018-08-21 00:00:00,9836.262
2018-08-21 03:00:00,9308.182
2018-08-21 06:00:00,8452.039
2018-08-21 09:00:00,13044.636
2018-08-21 12:00:00,11009.476
2018-08-21 15:00:00,12154.001
2018-08-21 18:00:00,11426.848
2018-08-21 21:00:00,12469.905
2018-08-22 00:00:00,11958.998
2018-08-22 03:00:00,10202.039
2018-08-22 06:00:00,8687.061
2018-08-22 09:00:00,10589.327
2018-08-22 12:00:00,11411.37
2018-08-22 15:00:00,11288.594
2018-08-22 18:00:00,10073.015
2018-08-22 21:00:00,12005.354
2018-08-23 00:00:00,11688.914
2018-08-23 03:00:00,10239.216
2018-08-23 06:00:00,9590.965
2018-08-23 09:00:00,11518.347
2018-08-23 12:00:00,10350.913
2018-08-23 15:00:00,11023.212
2018-08-23 18:00:00,10125.576
2018-08-23 21:00:00,10886.083
2018-08-24 00:00:00,11640.877
2018-08-24 03:00:00,9748.822
2018-08-24 06:00:00,9503.559
2018-08-24 09:00:00,12026.686
2018-08-24 12:00:00,8956.7295
2018-08-24 15:00:00,9871.206
2018-08-24 18:00:00,12730.656
2018-08-24 21:00:00,11077.452
2018-08-25 00:00:00,13644.983
2018-08-25 03:00:00,10091.537
2018-08-25 06:00:00,8402.237
2018-08-25 09:00:00,9302.992
2018-08-25 12:00:00,11873.472
2018-08-25 15:00:00,11182.476
2018-08-25 18:00:00,11136.68
2018-08-25 21:00:00,10564.71
2018-08-26 00:00:00,10805.078
2018-08-26 03:00:00,9588.869
2018-08-26 06:00:00,6733.4976
2018-08-26 09:00:00,8234.215
2018-08-26 12:00:00,11157.561
2018-08-26 15:00:00,10835.949
2018-08-26 18:00:00,10661.755
2018-08-26 21:00:00,10954.209
2018-08-27 00:00:00,11914.166
2018-08-27 03:00:00,8789.199
2018-08-27 06:00:00,8414.478
2018-08-27 09:00:00,11466.983
2018-08-27 12:00:00,13023.631
2018-08-27 15:00:00,12627.337
2018-08-27 18:00:00,12767.318
2018-08-27 21:00:00,12281.992
2018-08-28 00:00:00,12112.824
2018-08-28 03:00:00,9058.391
2018-08-28 06:00:00,8404.268
2018-08-28 09:00:00,10344.117
2018-08-28 12:00:00,10453.718
2018-08-28 15:00:00,10412.965
2018-08-28 18:00:00,11243.17
2018-08-28 21:00:00,10869.373
2018-08-29 00:00:00,12736.699
2018-08-29 03:00:00,10830.397
2018-08-29 06:00:00,8816.785
2018-08-29 09:00:00,12467.179
2018-08-29 12:00:00,9966.05
2018-08-29 15:00:00,12258.597
2018-08-29 18:00:00,11847.51
2018-08-29 21:00:00,10017.386
2018-08-30 00:00:00,11735.469
2018-08-30 03:00:00,9311.681
2018-08-30 06:00:00,8730.153
2018-08-30 09:00:00,11300.804
2018-08-30 12:00:00,7508.7373
2018-08-30 15:00:00,10467.067
2018-08-30 18:00:00,9766.575
2018-08-30 21:00:00,10438.919
2018-08-31 00:00:00,13089.257
2018-08-31 03:00:00,8939.476
2018-08-31 06:00:00,8792.891
2018-08-31 09:00:00,11323.59
2018-08-31 12:00:00,12581.539
2018-08-31 15:00:00,12536.644
2018-08-31 18:00:00,11765.447
2018-08-31 21:00:00,11780.723
2018-09-01 00:00:00,12921.58
2018-09-01 03:00:00,9667.898
2018-09-01 06:00:00,9168.689
2018-09-01 09:00:00,9749.806
2018-09-01 12:00:00,11815.971
2018-09-01 15:00:00,11470.978
2018-09-01 18:00:00,10277.63
2018-09-01 21:00:00,11891.853
2018-09-02 00:00:00,11904.819
2018-09-02 03:00:00,8436.83
2018-09-02 06:00:00,7996.891
2018-09-02 09:00:00,6940.375
2018-09-02 12:00:00,11021.638
2018-09-02 15:00:00,9871.866
2018-09-02 18:00:00,10566.015
2018-09-02 21:00:00,11176.473
2018-09-03 00:00:00,11067.879
2018-09-03 03:00:00,8275.392
2018-09-03 06:00:00,8760.704
2018-09-03 09:00:00,10810.237
2018-09-03 12:00:00,13338.496
2018-09-03 15:00:00,12851.262
2018-09-03 18:00:00,11571.8955
2018-09-03 21:00:00,12553.47
2018-09-04 00:00:00,12841.595
2018-09-04 03:00:00,9044.835
2018-09-04 06:00:00,8620.244
2018-09-04 09:00:00,11255.889
2018-09-04 12:00:00,13839.325
2018-09-04 15:00:00,14171.601
2018-09-04 18:00:00,13213.694
2018-09-04 21:00:00,12147.529
2018-09-05 00:00:00,13110.528
2018-09-05 03:00:00,9061.147
2018-09-05 06:00:00,9131.629
2018-09-05 09:00:00,11793.033
2018-09-05 12:00:00,12548.285
2018-09-05 15:00:00,12665.538
2018-09-05 18:00:00,12142.628
2018-09-05 21:00:00,12155.654
2018-09-06 00:00:00,14087.876
2018-09-06 03:00:00,9324.008
2018-09-06 06:00:00,8598.965
2018-09-06 09:00:00,12398.718
2018-09-06 12:00:00,12247.926
2018-09-06 15:00:00,13370.829
2018-09-06 18:00:00,12222.961
2018-09-06 21:00:00,12015.41
2018-09-07 00:00:00,13084.804
2018-09-07 03:00:00,8819.746
2018-09-07 06:00:00,8293.392
2018-09-07 09:00:00,11879.608
2018-09-07 12:00:00,12223.685
2018-09-07 15:00:00,13028.29
2018-09-07 18:00:00,12585.302
2018-09-07 21:00:00,12358.26
2018-09-08 00:00:00,12533.418
2018-09-08 03:00:00,9210.155
2018-09-08 06:00:00,8379.241
2018-09-08 09:00:00,10009.726
2018-09-08 12:00:00,12004.183
2018-09-08 15:00:00,11888.36
2018-09-08 18:00:00,10654.156
2018-09-08 21:00:00,11757.544
2018-09-09 00:00:00,13263.215
2018-09-09 03:00:00,9943.764
2018-09-09 06:00:00,8154.7676
2018-09-09 09:00:00,9510.726
2018-09-09 12:00:00,11800.676
2018-09-09 15:00:00,10158.564
2018-09-09 18:00:00,9308.322
2018-09-09 21:00:00,9380.862
2018-09-10 00:00:00,9752.299
2018-09-10 03:00:00,8945.754
2018-09-10 06:00:00,8096.865
2018-09-10 09:00:00,13494.261
2018-09-10 12:00:00,12866.563
2018-09-10 15:00:00,12497.665
2018-09-10 18:00:00,11214.753
2018-09-10 21:00:00,12192.361
2018-09-11 00:00:00,13372.499
2018-09-11 03:00:00,11134.264
2018-09-11 06:00:00,8625.878
2018-09-11 09:00:00,11181.766
2018-09-11 12:00:00,12293.17
2018-09-11 15:00:00,12855.649
2018-09-11 18:00:00,13013.041
2018-09-11 21:00:00,13002.205
2018-09-12 00:00:00,13176.132
2018-09-12 03:00:00,10493.276
2018-09-12 06:00:00,7710.0405
2018-09-12 09:00:00,12776.149
2018-09-12 12:00:00,13600.282
2018-09-12 15:00:00,12302.749
2018-09-12 18:00:00,12837.335
2018-09-12 21:00:00,12016.344
2018-09-13 00:00:00,13446.804
2018-09-13 03:00:00,10965.702
2018-09-13 06:00:00,9377.107
2018-09-13 09:00:00,11826.808
2018-09-13 12:00:00,12484.677
2018-09-13 15:00:00,13261.34
2018-09-13 18:00:00,11285.082
2018-09-13 21:00:00,12793.645
2018-09-14 00:00:00,13047.176
2018-09-14 03:00:00,10378.832
2018-09-14 06:00:00,9286.682
2018-09-14 09:00:00,12799.432
2018-09-14 12:00:00,12930.698
2018-09-14 15:00:00,12106.914
2018-09-14 18:00:00,11891.767
2018-09-14 21:00:00,12634.002
2018-09-15 00:00:00,12535.111
2018-09-15 03:00:00,10675.1
2018-09-15 06:00:00,9444.882
2018-09-15 09:00:00,10060.002
2018-09-15 12:00:00,11194.329
2018-09-15 15:00:00,10827.111
2018-09-15 18:00:00,10336.7705
2018-09-15 21:00:00,11261.684
2018-09-16 00:00:00,12125.221
2018-09-16 03:00:00,9577.373
2018-09-16 06:00:00,8863.606
2018-09-16 09:00:00,8285.057
2018-09-16 12:00:00,12263.61
2018-09-16 15:00:00,12132.659
2018-09-16 18:00:00,10172.257
2018-09-16 21:00:00,11927.202
2018-09-17 00:00:00,9541.239
2018-09-17 03:00:00,9077.639
2018-09-17 06:00:00,8156.3223
2018-09-17 09:00:00,10572.984
2018-09-17 12:00:00,11751.303
2018-09-17 15:00:00,11778.278
2018-09-17 18:00:00,12480.376
2018-09-17 21:00:00,11790.049
2018-09-18 00:00:00,12841.687
2018-09-18 03:00:00,9424.426
2018-09-18 06:00:00,8498.102
2018-09-18 09:00:00,11794.694
2018-09-18 12:00:00,12605.691
2018-09-18 15:00:00,12210.209
2018-09-18 18:00:00,12401.303
2018-09-18 21:00:00,11960.058
2018-09-19 00:00:00,12589.8955
2018-09-19 03:00:00,10654.852
2018-09-19 06:00:00,9213.975
2018-09-19 09:00:00,12139.981
2018-09-19 12:00:00,12527.86
2018-09-19 15:00:00,12707.48
2018-09-19 18:00:00,11830.68
2018-09-19 21:00:00,12688.771
2018-09-20 00:00:00,10632.788
2018-09-20 03:00:00,10745.842
2018-09-20 06:00:00,9382.997
2018-09-20 09:00:00,12499.764
2018-09-20 12:00:00,12640.962
2018-09-20 15:00:00,7461.582
2018-09-20 18:00:00,12018.713
2018-09-20 21:00:00,12479.704
2018-09-21 00:00:00,12584.483
2018-09-21 03:00:00,9582.556
2018-09-21 06:00:00,9399.29
2018-09-21 09:00:00,11885.788
2018-09-21 12:00:00,8486.877
2018-09-21 15:00:00,12857.573
2018-09-21 18:00:00,10163.9375
2018-09-21 21:00:00,12318.055
2018-09-22 00:00:00,12008.128
2018-09-22 03:00:00,10060.964
2018-09-22 06:00:00,8720.291
2018-09-22 09:00:00,10002.812
2018-09-22 12:00:00,11511.874
2018-09-22 15:00:00,10794.419
2018-09-22 18:00:00,10519.217
2018-09-22 21:00:00,11058.657
2018-09-23 00:00:00,12518.5205
2018-09-23 03:00:00,9890.786
2018-09-23 06:00:00,8945.121
2018-09-23 09:00:00,8327.299
2018-09-23 12:00:00,12737.621
2018-09-23 15:00:00,10385.599
2018-09-23 18:00:00,9591.983
2018-09-23 21:00:00,11079.412
2018-09-24 00:00:00,11376.527
2018-09-24 03:00:00,9048.114
2018-09-24 06:00:00,8665.274
2018-09-24 09:00:00,11074.721
2018-09-24 12:00:00,12562.55
2018-09-24 15:00:00,11796.156
2018-09-24 18:00:00,11514.836
2018-09-24 21:00:00,11828.714
2018-09-25 00:00:00,13054.609
2018-09-25 03:00:00,10314.668
2018-09-25 06:00:00,8421.745
2018-09-25 09:00:00,11926.53
2018-09-25 12:00:00,12928.81
2018-09-25 15:00:00,13006.049
2018-09-25 18:00:00,12355.588
2018-09-25 21:00:00,12663.105
2018-09-26 00:00:00,13053.967
2018-09-26 03:00:00,10371.192
2018-09-26 06:00:00,8292.275
2018-09-26 09:00:00,10873.738
2018-09-26 12:00:00,11979.867
2018-09-26 15:00:00,11931.172
2018-09-26 18:00:00,12092.734
2018-09-26 21:00:00,11706.125
2018-09-27 00:00:00,12580.873
2018-09-27 03:00:00,9147.281
2018-09-27 06:00:00,8002.266
2018-09-27 09:00:00,11440.365
2018-09-27 12:00:00,12997.061
2018-09-27 15:00:00,13071.803
2018-09-27 18:00:00,12251.879
2018-09-27 21:00:00,13071.84
2018-09-28 00:00:00,14068.84
2018-09-28 03:00:00,9984.657
2018-09-28 06:00:00,8653.141
2018-09-28 09:00:00,12880.892
2018-09-28 12:00:00,12991.793
2018-09-28 15:00:00,12490.177
2018-09-28 18:00:00,11819.698
2018-09-28 21:00:00,11751.119
2018-09-29 00:00:00,13519.825
2018-09-29 03:00:00,10389.828
2018-09-29 06:00:00,8350.793
2018-09-29 09:00:00,9404.229
2018-09-29 12:00:00,11085.337
2018-09-29 15:00:00,9660.481
2018-09-29 18:00:00,10671.766
2018-09-29 21:00:00,11497.007
2018-09-30 00:00:00,11400.93
2018-09-30 03:00:00,6231.253
2018-09-30 06:00:00,7839.301
2018-09-30 09:00:00,7537.625
2018-09-30 12:00:00,10255.181
2018-09-30 15:00:00,10904.498
2018-09-30 18:00:00,9104.03
2018-09-30 21:00:00,10608.852
2018-10-01 00:00:00,12058.496
2018-10-01 03:00:00,8763.367
2018-10-01 06:00:00,8077.221
2018-10-01 09:00:00,10716.449
2018-10-01 12:00:00,10469.922
2018-10-01 15:00:00,11444.562
2018-10-01 18:00:00,10645.16
2018-10-01 21:00:00,12566.873
2018-10-02 00:00:00,12067.356
2018-10-02 03:00:00,7565.754
2018-10-02 06:00:00,6224.8813
2018-10-02 09:00:00,10294.531
2018-10-02 12:00:00,13205.096
2018-10-02 15:00:00,11979.389
2018-10-02 18:00:00,10259.619
2018-10-02 21:00:00,12124.588
2018-10-03 00:00:00,13354.613
2018-10-03 03:00:00,7984.2373
2018-10-03 06:00:00,7987.9766
2018-10-03 09:00:00,12237.639
2018-10-03 12:00:00,12371.571
2018-10-03 15:00:00,11481.709
2018-10-03 18:00:00,11200.089
2018-10-03 21:00:00,11750.704
2018-10-04 00:00:00,13473.601
2018-10-04 03:00:00,9100.17
2018-10-04 06:00:00,8030.514
2018-10-04 09:00:00,12176.729
2018-10-04 12:00:00,12489.643
2018-10-04 15:00:00,12144.541
2018-10-04 18:00:00,11263.8545
2018-10-04 21:00:00,12397.091
2018-10-05 00:00:00,12801.907
2018-10-05 03:00:00,10004.481
2018-10-05 06:00:00,8269.636
2018-10-05 09:00:00,12574.809
2018-10-05 12:00:00,12944.753
2018-10-05 15:00:00,12284.92
2018-10-05 18:00:00,11880.258
2018-10-05 21:00:00,12530.468
2018-10-06 00:00:00,13022.813
2018-10-06 03:00:00,9419.86
2018-10-06 06:00:00,8038.507
2018-10-06 09:00:00,10222.094
2018-10-06 12:00:00,12004.563
2018-10-06 15:00:00,11470.1875
2018-10-06 18:00:00,9130.885
2018-10-06 21:00:00,8926.647
2018-10-07 00:00:00,10406.894
2018-10-07 03:00:00,7591.99
2018-10-07 06:00:00,5509.8037
2018-10-07 09:00:00,6554.19
2018-10-07 12:00:00,9226.767
2018-10-07 15:00:00,9360.852
2018-10-07 18:00:00,7730.5
2018-10-07 21:00:00,8654.617
2018-10-08 00:00:00,11280.892
2018-10-08 03:00:00,7869.1406
2018-10-08 06:00:00,7813.272
2018-10-08 09:00:00,11935.305
2018-10-08 12:00:00,13180.433
2018-10-08 15:00:00,11713.392
2018-10-08 18:00:00,11299.708
2018-10-08 21:00:00,11335.775
2018-10-09 00:00:00,12637.017
2018-10-09 03:00:00,9303.178
2018-10-09 06:00:00,9012.99
2018-10-09 09:00:00,12824.498
2018-10-09 12:00:00,12004.439
2018-10-09 15:00:00,11976.528
2018-10-09 18:00:00,11668.238
2018-10-09 21:00:00,11758.313
2018-10-10 00:00:00,13356.614
2018-10-10 03:00:00,9534.792
2018-10-10 06:00:00,7185.553
2018-10-10 09:00:00,12861.193
2018-10-10 12:00:00,12454.226
2018-10-10 15:00:00,14740.057
2018-10-10 18:00:00,13417.331
2018-10-10 21:00:00,14535.11
2018-10-11 00:00:00,13994.754
2018-10-11 03:00:00,9420.187
2018-10-11 06:00:00,7658.937
2018-10-11 09:00:00,13017.068
2018-10-11 12:00:00,13031.693
2018-10-11 15:00:00,11848.489
2018-10-11 18:00:00,11687.221
2018-10-11 21:00:00,13470.785
2018-10-12 00:00:00,13172.647
2018-10-12 03:00:00,9438.616
2018-10-12 06:00:00,7473.027
2018-10-12 09:00:00,11677.147
2018-10-12 12:00:00,11863.181
2018-10-12 15:00:00,12292.575
2018-10-12 18:00:00,10831.884
2018-10-12 21:00:00,13081.038
2018-10-13 00:00:00,13493.527
2018-10-13 03:00:00,9432.06
2018-10-13 06:00:00,8261.91
2018-10-13 09:00:00,9766.087
2018-10-13 12:00:00,11594.663
2018-10-13 15:00:00,11158.045
2018-10-13 18:00:00,10652.697
2018-10-13 21:00:00,10865.237
2018-10-14 00:00:00,12917.762
2018-10-14 03:00:00,8386.349
2018-10-14 06:00:00,4968.626
2018-10-14 09:00:00,4381.7837
2018-10-14 12:00:00,9333.315
2018-10-14 15:00:00,8314.559
2018-10-14 18:00:00,9908.43
2018-10-14 21:00:00,10214.305
2018-10-15 00:00:00,11153.663
2018-10-15 03:00:00,8185.6597
2018-10-15 06:00:00,6675.4136
2018-10-15 09:00:00,10599.401
2018-10-15 12:00:00,13153.7
2018-10-15 15:00:00,13275.977
2018-10-15 18:00:00,13565.938
2018-10-15 21:00:00,12741.464
2018-10-16 00:00:00,13150.518
2018-10-16 03:00:00,9873.112
2018-10-16 06:00:00,8091.4087
2018-10-16 09:00:00,12547.011
2018-10-16 12:00:00,13710.167
2018-10-16 15:00:00,12637.579
2018-10-16 18:00:00,11771.2
2018-10-16 21:00:00,11923.791
2018-10-17 00:00:00,13251.626
2018-10-17 03:00:00,9324.904
2018-10-17 06:00:00,7129.5537
2018-10-17 09:00:00,12248.036
2018-10-17 12:00:00,13542.898
2018-10-17 15:00:00,12136.397
2018-10-17 18:00:00,11329.526
2018-10-17 21:00:00,13743.48
2018-10-18 00:00:00,14607.897
2018-10-18 03:00:00,9688.952
2018-10-18 06:00:00,8205.292
2018-10-18 09:00:00,13749.323
2018-10-18 12:00:00,16488.002
2018-10-18 15:00:00,14860.529
2018-10-18 18:00:00,14467.201
2018-10-18 21:00:00,16734.611
2018-10-19 00:00:00,14920.945
2018-10-19 03:00:00,8773.337
2018-10-19 06:00:00,8883.016
2018-10-19 09:00:00,13543.839
2018-10-19 12:00:00,13938.977
2018-10-19 15:00:00,14288.712
2018-10-19 18:00:00,12207.275
2018-10-19 21:00:00,13415.864
2018-10-20 00:00:00,12635.51
2018-10-20 03:00:00,9600.4795
2018-10-20 06:00:00,8261.397
2018-10-20 09:00:00,11546.915
2018-10-20 12:00:00,11871.93
2018-10-20 15:00:00,11641.813
2018-10-20 18:00:00,11018.861
2018-10-20 21:00:00,11665.881
2018-10-21 00:00:00,12809.782
2018-10-21 03:00:00,9497.293
2018-10-21 06:00:00,8850.115
2018-10-21 09:00:00,8513.861
2018-10-21 12:00:00,10456.789
2018-10-21 15:00:00,11897.301
2018-10-21 18:00:00,10021.283
2018-10-21 21:00:00,12109.781
2018-10-22 00:00:00,12413.918
2018-10-22 03:00:00,10140.609
2018-10-22 06:00:00,8058.285
2018-10-22 09:00:00,12687.507
2018-10-22 12:00:00,11572.659
2018-10-22 15:00:00,11554.573
2018-10-22 18:00:00,11213.847
2018-10-22 21:00:00,13506.69
2018-10-23 00:00:00,13675.18
2018-10-23 03:00:00,10256.991
2018-10-23 06:00:00,9151.639
2018-10-23 09:00:00,13445.391
2018-10-23 12:00:00,15178.665
2018-10-23 15:00:00,12663.504
2018-10-23 18:00:00,12038.453
2018-10-23 21:00:00,14692.944
2018-10-24 00:00:00,14236.781
2018-10-24 03:00:00,10454.332
2018-10-24 06:00:00,8733.8
2018-10-24 09:00:00,12092.997
2018-10-24 12:00:00,13631.529
2018-10-24 15:00:00,12203.826
2018-10-24 18:00:00,10949.609
2018-10-24 21:00:00,13044.633
2018-10-25 00:00:00,13347.382
2018-10-25 03:00:00,9345.398
2018-10-25 06:00:00,8014.721
2018-10-25 09:00:00,11894.4
2018-10-25 12:00:00,14311.308
2018-10-25 15:00:00,11570.273
2018-10-25 18:00:00,10968.226
2018-10-25 21:00:00,14023.769
2018-10-26 00:00:00,13165.664
2018-10-26 03:00:00,8186.274
2018-10-26 06:00:00,8253.393
2018-10-26 09:00:00,12491.126
2018-10-26 12:00:00,14742.995
2018-10-26 15:00:00,14234.716
2018-10-26 18:00:00,14976.402
2018-10-26 21:00:00,14232.352
2018-10-27 00:00:00,12948.983
2018-10-27 03:00:00,9424.363
2018-10-27 06:00:00,6609.236
2018-10-27 09:00:00,9142.181
2018-10-27 12:00:00,11910.398
2018-10-27 15:00:00,12214.238
2018-10-27 18:00:00,10784.078
2018-10-27 21:00:00,10829.109
2018-10-28 00:00:00,11135.337
2018-10-28 03:00:00,7622.3633
2018-10-28 06:00:00,5431.608
2018-10-28 09:00:00,6642.107
2018-10-28 12:00:00,10175.093
2018-10-28 15:00:00,9390.375
2018-10-28 18:00:00,8750.787
2018-10-28 21:00:00,9266.675
2018-10-29 00:00:00,14088.837
2018-10-29 03:00:00,9199.543
2018-10-29 06:00:00,4348.322
2018-10-29 09:00:00,10618.581
2018-10-29 12:00:00,12838.77
2018-10-29 15:00:00,9222.982
2018-10-29 18:00:00,10933.14
2018-10-29 21:00:00,11897.946
2018-10-30 00:00:00,9588.808
2018-10-30 03:00:00,7041.119
2018-10-30 06:00:00,8011.5713
2018-10-30 09:00:00,11598.209
2018-10-30 12:00:00,18242.205
2018-10-30 15:00:00,20114.828
2018-10-30 18:00:00,17254.1
2018-10-30 21:00:00,18148.055
2018-10-31 00:00:00,16794.473
2018-10-31 03:00:00,11578.159
2018-10-31 06:00:00,7192.1255
2018-10-31 09:00:00,11954.165
2018-10-31 12:00:00,16642.367
2018-10-31 15:00:00,15448.809
2018-10-31 18:00:00,15817.759
2018-10-31 21:00:00,18500.05
2018-11-01 00:00:00,14592.526
2018-11-01 03:00:00,11636.294
2018-11-01 06:00:00,8737.758
2018-11-01 09:00:00,13888.886
2018-11-01 12:00:00,15007.52
2018-11-01 15:00:00,13306.5205
2018-11-01 18:00:00,12423.523
2018-11-01 21:00:00,15565.161
2018-11-02 00:00:00,13507.204
2018-11-02 03:00:00,10125.379
2018-11-02 06:00:00,7412.5864
2018-11-02 09:00:00,12603.378
2018-11-02 12:00:00,13696.559
2018-11-02 15:00:00,14587.591
2018-11-02 18:00:00,13595.815
2018-11-02 21:00:00,14746.443
2018-11-03 00:00:00,12811.878
2018-11-03 03:00:00,10362.999
2018-11-03 06:00:00,8235.3545
2018-11-03 09:00:00,9876.245
2018-11-03 12:00:00,13282.556
2018-11-03 15:00:00,10910.579
2018-11-03 18:00:00,12071.022
2018-11-03 21:00:00,12508.577
2018-11-04 00:00:00,12422.253
2018-11-04 03:00:00,9351.27
2018-11-04 06:00:00,9325.766
2018-11-04 09:00:00,9503.417
2018-11-04 12:00:00,9775.601
2018-11-04 15:00:00,8388.518
2018-11-04 18:00:00,8852.082
2018-11-04 21:00:00,9421.13
2018-11-05 00:00:00,11116.179
2018-11-05 03:00:00,8280.635
2018-11-05 06:00:00,6358.0303
2018-11-05 09:00:00,12697.602
2018-11-05 12:00:00,15699.123
2018-11-05 15:00:00,13066.553
2018-11-05 18:00:00,15029.769
2018-11-05 21:00:00,15989.7295
2018-11-06 00:00:00,13712.841
2018-11-06 03:00:00,8263.15
2018-11-06 06:00:00,5819.28
2018-11-06 09:00:00,11006.625
2018-11-06 12:00:00,12187.565
2018-11-06 15:00:00,12560.337
2018-11-06 18:00:00,12332.838
2018-11-06 21:00:00,15799.156
2018-11-07 00:00:00,11420.526
2018-11-07 03:00:00,6608.3516
2018-11-07 06:00:00,4705.657
2018-11-07 09:00:00,11066.854
2018-11-07 12:00:00,12266.781
2018-11-07 15:00:00,13016.793
2018-11-07 18:00:00,13067.856
2018-11-07 21:00:00,13553.448
2018-11-08 00:00:00,13210.056
2018-11-08 03:00:00,9071.289
2018-11-08 06:00:00,7797.0884
2018-11-08 09:00:00,11751.829
2018-11-08 12:00:00,13441.396
2018-11-08 15:00:00,12805.065
2018-11-08 18:00:00,12425.637
2018-11-08 21:00:00,13602.711
2018-11-09 00:00:00,12689.784
2018-11-09 03:00:00,8747.076
2018-11-09 06:00:00,6778.6255
2018-11-09 09:00:00,11564.72
2018-11-09 12:00:00,12914.806
2018-11-09 15:00:00,11704.172
2018-11-09 18:00:00,10836.0205
2018-11-09 21:00:00,14075.457
2018-11-10 00:00:00,9906.0
2018-11-10 03:00:00,6525.9863
2018-11-10 06:00:00,5714.482
2018-11-10 09:00:00,5200.1777
2018-11-10 12:00:00,10598.406
2018-11-10 15:00:00,9301.609
2018-11-10 18:00:00,9838.111
2018-11-10 21:00:00,10199.795
2018-11-11 00:00:00,10271.749
2018-11-11 03:00:00,4380.234
2018-11-11 06:00:00,5896.9604
2018-11-11 09:00:00,4507.6777
2018-11-11 12:00:00,9475.991
2018-11-11 15:00:00,9738.433
2018-11-11 18:00:00,9704.712
2018-11-11 21:00:00,10515.575
2018-11-12 00:00:00,12378.729
2018-11-12 03:00:00,8399.665
2018-11-12 06:00:00,8526.428
2018-11-12 09:00:00,11970.333
2018-11-12 12:00:00,13372.16
2018-11-12 15:00:00,13222.237
2018-11-12 18:00:00,15164.014
2018-11-12 21:00:00,17763.562
2018-11-13 00:00:00,14022.644
2018-11-13 03:00:00,10658.6455
2018-11-13 06:00:00,7969.0605
2018-11-13 09:00:00,12168.971
2018-11-13 12:00:00,15021.601
2018-11-13 15:00:00,13491.604
2018-11-13 18:00:00,13210.241
2018-11-13 21:00:00,16529.646
2018-11-14 00:00:00,13882.721
2018-11-14 03:00:00,9804.278
2018-11-14 06:00:00,9082.63
2018-11-14 09:00:00,13422.262
2018-11-14 12:00:00,13363.521
2018-11-14 15:00:00,12603.646
2018-11-14 18:00:00,12929.202
2018-11-14 21:00:00,13834.879
2018-11-15 00:00:00,13161.83
2018-11-15 03:00:00,9675.692
2018-11-15 06:00:00,9188.162
2018-11-15 09:00:00,12572.0205
2018-11-15 12:00:00,13232.01
2018-11-15 15:00:00,11659.492
2018-11-15 18:00:00,11403.105
2018-11-15 21:00:00,14364.499
2018-11-16 00:00:00,13784.953
2018-11-16 03:00:00,9827.796
2018-11-16 06:00:00,7622.8613
2018-11-16 09:00:00,11860.77
2018-11-16 12:00:00,12599.604
2018-11-16 15:00:00,12148.352
2018-11-16 18:00:00,12168.019
2018-11-16 21:00:00,14923.911
2018-11-17 00:00:00,14061.036
2018-11-17 03:00:00,10372.982
2018-11-17 06:00:00,7175.7983
2018-11-17 09:00:00,9553.505
2018-11-17 12:00:00,11057.332
2018-11-17 15:00:00,12064.94
2018-11-17 18:00:00,11504.622
2018-11-17 21:00:00,12333.231
2018-11-18 00:00:00,10524.682
2018-11-18 03:00:00,10069.81
2018-11-18 06:00:00,6516.3984
2018-11-18 09:00:00,8050.416
2018-11-18 12:00:00,10249.169
2018-11-18 15:00:00,9960.546
2018-11-18 18:00:00,5711.0254
2018-11-18 21:00:00,6258.0513
2018-11-19 00:00:00,11992.884
2018-11-19 03:00:00,8555.601
2018-11-19 06:00:00,6611.8916
2018-11-19 09:00:00,11869.293
2018-11-19 12:00:00,12743.318
2018-11-19 15:00:00,12931.802
2018-11-19 18:00:00,14318.755
2018-11-19 21:00:00,16102.178
2018-11-20 00:00:00,13889.803
2018-11-20 03:00:00,7443.532
2018-11-20 06:00:00,4496.251
2018-11-20 09:00:00,9498.819
2018-11-20 12:00:00,13747.092
2018-11-20 15:00:00,11370.974
2018-11-20 18:00:00,12620.953
2018-11-20 21:00:00,15331.44
2018-11-21 00:00:00,14353.087
2018-11-21 03:00:00,8779.634
2018-11-21 06:00:00,6613.2817
2018-11-21 09:00:00,12235.627
2018-11-21 12:00:00,13375.953
2018-11-21 15:00:00,13435.063
2018-11-21 18:00:00,14156.31
2018-11-21 21:00:00,16251.616
2018-11-22 00:00:00,13425.2295
2018-11-22 03:00:00,7960.456
2018-11-22 06:00:00,6788.258
2018-11-22 09:00:00,13871.684
2018-11-22 12:00:00,16744.197
2018-11-22 15:00:00,13499.654
2018-11-22 18:00:00,15682.908
2018-11-22 21:00:00,16363.763
2018-11-23 00:00:00,14565.311
2018-11-23 03:00:00,10728.49
2018-11-23 06:00:00,7425.6753
2018-11-23 09:00:00,12588.688
2018-11-23 12:00:00,15389.264
2018-11-23 15:00:00,12338.688
2018-11-23 18:00:00,13295.173
2018-11-23 21:00:00,16261.619
2018-11-24 00:00:00,15484.674
2018-11-24 03:00:00,7954.349
2018-11-24 06:00:00,8820.713
2018-11-24 09:00:00,10120.284
2018-11-24 12:00:00,11595.632
2018-11-24 15:00:00,12570.853
2018-11-24 18:00:00,10058.462
2018-11-24 21:00:00,12676.208
2018-11-25 00:00:00,11548.31
2018-11-25 03:00:00,5929.0747
2018-11-25 06:00:00,6608.6504
2018-11-25 09:00:00,6210.0957
2018-11-25 12:00:00,9753.214
2018-11-25 15:00:00,10839.439
2018-11-25 18:00:00,11431.424
2018-11-25 21:00:00,10187.624
2018-11-26 00:00:00,9945.889
2018-11-26 03:00:00,4880.2803
2018-11-26 06:00:00,4995.388
2018-11-26 09:00:00,10879.18
2018-11-26 12:00:00,12484.644
2018-11-26 15:00:00,11214.876
2018-11-26 18:00:00,12658.842
2018-11-26 21:00:00,17056.336
2018-11-27 00:00:00,13624.126
2018-11-27 03:00:00,8900.534
2018-11-27 06:00:00,8281.466
2018-11-27 09:00:00,13132.786
2018-11-27 12:00:00,13693.699
2018-11-27 15:00:00,13148.591
2018-11-27 18:00:00,14982.687
2018-11-27 21:00:00,16354.694
2018-11-28 00:00:00,15136.843
2018-11-28 03:00:00,9363.761
2018-11-28 06:00:00,8398.344
2018-11-28 09:00:00,12112.355
2018-11-28 12:00:00,15944.952
2018-11-28 15:00:00,13670.175
2018-11-28 18:00:00,16935.135
2018-11-28 21:00:00,17489.602
2018-11-29 00:00:00,15532.419
2018-11-29 03:00:00,9148.783
2018-11-29 06:00:00,6467.0454
2018-11-29 09:00:00,11629.549
2018-11-29 12:00:00,17104.947
2018-11-29 15:00:00,13183.555
2018-11-29 18:00:00,15467.925
2018-11-29 21:00:00,16131.331
2018-11-30 00:00:00,14761.951
2018-11-30 03:00:00,8385.511
2018-11-30 06:00:00,7761.571
2018-11-30 09:00:00,12019.597
2018-11-30 12:00:00,14027.754
2018-11-30 15:00:00,13008.607
2018-11-30 18:00:00,13366.767
2018-11-30 21:00:00,16891.19
2018-12-01 00:00:00,13034.48
2018-12-01 03:00:00,8498.618
2018-12-01 06:00:00,7245.5684
2018-12-01 09:00:00,9802.174
2018-12-01 12:00:00,11999.614
2018-12-01 15:00:00,12315.125
2018-12-01 18:00:00,12843.7
2018-12-01 21:00:00,12603.605
2018-12-02 00:00:00,13634.771
2018-12-02 03:00:00,8861.578
2018-12-02 06:00:00,8052.1016
2018-12-02 09:00:00,7957.9854
2018-12-02 12:00:00,11047.473
2018-12-02 15:00:00,10842.295
2018-12-02 18:00:00,11231.268
2018-12-02 21:00:00,13222.604
2018-12-03 00:00:00,12135.058
2018-12-03 03:00:00,8996.16
2018-12-03 06:00:00,7442.4478
2018-12-03 09:00:00,12496.623
2018-12-03 12:00:00,16256.78
2018-12-03 15:00:00,13177.493
2018-12-03 18:00:00,14034.507
2018-12-03 21:00:00,17505.846
2018-12-04 00:00:00,13671.112
2018-12-04 03:00:00,8893.046
2018-12-04 06:00:00,7838.83
2018-12-04 09:00:00,13524.157
2018-12-04 12:00:00,14608.385
2018-12-04 15:00:00,13532.125
2018-12-04 18:00:00,14181.374
2018-12-04 21:00:00,16574.365
2018-12-05 00:00:00,13866.116
2018-12-05 03:00:00,10235.872
2018-12-05 06:00:00,9210.961
2018-12-05 09:00:00,13424.671
2018-12-05 12:00:00,14767.467
2018-12-05 15:00:00,12856.781
2018-12-05 18:00:00,13522.474
2018-12-05 21:00:00,15883.266
2018-12-06 00:00:00,14447.743
2018-12-06 03:00:00,10241.627
2018-12-06 06:00:00,9184.353
2018-12-06 09:00:00,12491.335
2018-12-06 12:00:00,14740.597
2018-12-06 15:00:00,13477.219
2018-12-06 18:00:00,13092.703
2018-12-06 21:00:00,15428.049
2018-12-07 00:00:00,13790.508
2018-12-07 03:00:00,10438.233
2018-12-07 06:00:00,8433.178
2018-12-07 09:00:00,12709.047
2018-12-07 12:00:00,15591.79
2018-12-07 15:00:00,12501.698
2018-12-07 18:00:00,11803.941
2018-12-07 21:00:00,14555.332
2018-12-08 00:00:00,14265.97
2018-12-08 03:00:00,10796.45
2018-12-08 06:00:00,7536.445
2018-12-08 09:00:00,8372.545
2018-12-08 12:00:00,12780.343
2018-12-08 15:00:00,11121.58
2018-12-08 18:00:00,11317.127
2018-12-08 21:00:00,12612.609
2018-12-09 00:00:00,12657.338
2018-12-09 03:00:00,8146.125
2018-12-09 06:00:00,5590.035
2018-12-09 09:00:00,5729.1523
2018-12-09 12:00:00,9547.886
2018-12-09 15:00:00,10958.583
2018-12-09 18:00:00,10227.386
2018-12-09 21:00:00,9993.8125
2018-12-10 00:00:00,8993.414
2018-12-10 03:00:00,8720.339
2018-12-10 06:00:00,7802.7104
2018-12-10 09:00:00,11477.79
2018-12-10 12:00:00,14489.781
2018-12-10 15:00:00,12692.385
2018-12-10 18:00:00,13749.673
2018-12-10 21:00:00,16897.486
2018-12-11 00:00:00,14441.743
2018-12-11 03:00:00,9414.587
2018-12-11 06:00:00,7854.2485
2018-12-11 09:00:00,12391.35
2018-12-11 12:00:00,14688.096
2018-12-11 15:00:00,14857.029
2018-12-11 18:00:00,14224.593
2018-12-11 21:00:00,15684.305
2018-12-12 00:00:00,13218.772
2018-12-12 03:00:00,9407.188
2018-12-12 06:00:00,6914.9106
2018-12-12 09:00:00,13531.763
2018-12-12 12:00:00,14775.268
2018-12-12 15:00:00,13559.972
2018-12-12 18:00:00,13278.751
2018-12-12 21:00:00,15662.881
2018-12-13 00:00:00,12685.512
2018-12-13 03:00:00,7096.0825
2018-12-13 06:00:00,6395.154
2018-12-13 09:00:00,9358.965
2018-12-13 12:00:00,14780.192
2018-12-13 15:00:00,12706.685
2018-12-13 18:00:00,12631.622
2018-12-13 21:00:00,16488.527
2018-12-14 00:00:00,10599.036
2018-12-14 03:00:00,7777.972
2018-12-14 06:00:00,4756.287
2018-12-14 09:00:00,11232.563
2018-12-14 12:00:00,11508.998
2018-12-14 15:00:00,12213.329
2018-12-14 18:00:00,13201.949
2018-12-14 21:00:00,16045.119
2018-12-15 00:00:00,14720.891
2018-12-15 03:00:00,8951.796
2018-12-15 06:00:00,7294.5723
2018-12-15 09:00:00,9554.952
2018-12-15 12:00:00,11708.718
2018-12-15 15:00:00,11872.539
2018-12-15 18:00:00,11700.32
2018-12-15 21:00:00,11734.461
2018-12-16 00:00:00,13145.627
2018-12-16 03:00:00,6220.0234
2018-12-16 06:00:00,6331.9814
2018-12-16 09:00:00,7222.3423
2018-12-16 12:00:00,10675.737
2018-12-16 15:00:00,8473.9
2018-12-16 18:00:00,8835.761
2018-12-16 21:00:00,10476.457
2018-12-17 00:00:00,9474.999
2018-12-17 03:00:00,9102.235
2018-12-17 06:00:00,8868.497
2018-12-17 09:00:00,13328.665
2018-12-17 12:00:00,14950.506
2018-12-17 15:00:00,14749.309
2018-12-17 18:00:00,15013.148
2018-12-17 21:00:00,16534.03
2018-12-18 00:00:00,16024.748
2018-12-18 03:00:00,7486.08
2018-12-18 06:00:00,5706.632
2018-12-18 09:00:00,10967.624
2018-12-18 12:00:00,14722.942
2018-12-18 15:00:00,14666.464
2018-12-18 18:00:00,15661.239
2018-12-18 21:00:00,17819.324
2018-12-19 00:00:00,13683.961
2018-12-19 03:00:00,9225.665
2018-12-19 06:00:00,7591.505
2018-12-19 09:00:00,10170.868
2018-12-19 12:00:00,14352.622
2018-12-19 15:00:00,13521.703
2018-12-19 18:00:00,13658.99
2018-12-19 21:00:00,16286.171
2018-12-20 00:00:00,14401.647
2018-12-20 03:00:00,9402.256
2018-12-20 06:00:00,7443.074
2018-12-20 09:00:00,11892.124
2018-12-20 12:00:00,14864.878
2018-12-20 15:00:00,13858.1875
2018-12-20 18:00:00,14567.083
2018-12-20 21:00:00,15769.849
2018-12-21 00:00:00,15215.708
2018-12-21 03:00:00,6485.8687
2018-12-21 06:00:00,4723.5405
2018-12-21 09:00:00,11575.349
2018-12-21 12:00:00,15991.843
2018-12-21 15:00:00,13516.501
2018-12-21 18:00:00,14386.618
2018-12-21 21:00:00,14712.703
2018-12-22 00:00:00,14717.33
2018-12-22 03:00:00,9013.153
2018-12-22 06:00:00,8045.1753
2018-12-22 09:00:00,9216.268
2018-12-22 12:00:00,11584.975
2018-12-22 15:00:00,10172.789
2018-12-22 18:00:00,11278.316
2018-12-22 21:00:00,12769.646
2018-12-23 00:00:00,12776.26
2018-12-23 03:00:00,7338.2676
2018-12-23 06:00:00,5809.6772
2018-12-23 09:00:00,6385.1313
2018-12-23 12:00:00,10382.077
2018-12-23 15:00:00,10136.644
2018-12-23 18:00:00,12093.476
2018-12-23 21:00:00,13200.226
2018-12-24 00:00:00,14809.18
2018-12-24 03:00:00,9969.374
2018-12-24 06:00:00,8767.29
2018-12-24 09:00:00,13456.321
2018-12-24 12:00:00,14588.22
2018-12-24 15:00:00,15050.393
2018-12-24 18:00:00,15355.1045
2018-12-24 21:00:00,16187.111
2018-12-25 00:00:00,15696.85
2018-12-25 03:00:00,10777.342
2018-12-25 06:00:00,8708.275
2018-12-25 09:00:00,13273.97
2018-12-25 12:00:00,16230.998
2018-12-25 15:00:00,14768.308
2018-12-25 18:00:00,13797.864
2018-12-25 21:00:00,15849.168
2018-12-26 00:00:00,16232.892
2018-12-26 03:00:00,10022.832
2018-12-26 06:00:00,8711.679
2018-12-26 09:00:00,13965.723
2018-12-26 12:00:00,15705.112
2018-12-26 15:00:00,14560.264
2018-12-26 18:00:00,15810.912
2018-12-26 21:00:00,15825.544
2018-12-27 00:00:00,16150.232
2018-12-27 03:00:00,10360.6875
2018-12-27 06:00:00,7932.801
2018-12-27 09:00:00,14367.076
2018-12-27 12:00:00,14962.728
2018-12-27 15:00:00,14451.953
2018-12-27 18:00:00,14494.598
2018-12-27 21:00:00,16038.011
2018-12-28 00:00:00,15668.318
2018-12-28 03:00:00,10085.061
2018-12-28 06:00:00,8188.57
2018-12-28 09:00:00,12715.966
2018-12-28 12:00:00,15718.259
2018-12-28 15:00:00,14780.689
2018-12-28 18:00:00,12995.265
2018-12-28 21:00:00,14751.3125
2018-12-29 00:00:00,12738.368
2018-12-29 03:00:00,6704.767
2018-12-29 06:00:00,6927.368
2018-12-29 09:00:00,7519.1895
2018-12-29 12:00:00,10444.477
2018-12-29 15:00:00,11355.346
2018-12-29 18:00:00,10887.473
2018-12-29 21:00:00,10421.667
2018-12-30 00:00:00,11506.348
2018-12-30 03:00:00,8142.5713
2018-12-30 06:00:00,7558.251
2018-12-30 09:00:00,6111.9795
2018-12-30 12:00:00,9869.57
2018-12-30 15:00:00,9443.559
2018-12-30 18:00:00,10639.011
2018-12-30 21:00:00,9870.422
2018-12-31 00:00:00,12184.979
2018-12-31 03:00:00,9335.459
2018-12-31 06:00:00,7604.1147
2018-12-31 09:00:00,11300.082
2018-12-31 12:00:00,13947.019
2018-12-31 15:00:00,10922.474
2018-12-31 18:00:00,12057.597
2018-12-31 21:00:00,14202.643
